title;prix;adresse;image_lien
Chaussures enfant;Prix sur demande;Guédiawaye, Dakar, Sénégal;https://sn.coinafrique.com/annonce/chaussures-enfants/chaussures-enfant-750022
Chaussures enfant;Prix sur demande;Guédiawaye, Dakar, Sénégal;https://sn.coinafrique.com/annonce/chaussures-enfants/chaussures-enfant-750022
Claquettes  enfants;Prix sur demande;Sénégal;https://sn.coinafrique.com/annonce/chaussures-enfants/claquettes-enfant-3768510
Chaussures enfant;Prix sur demande;Point E, Dakar, Sénégal;https://sn.coinafrique.com/annonce/chaussures-enfants/chaussures-enfants-5698980
Chaussures enfant;Prix sur demande;Point E, Dakar, Sénégal;https://sn.coinafrique.com/annonce/chaussures-enfants/chaussures-enfants-5698980
Chaussures enfant;Prix sur demande;Point E, Dakar, Sénégal;https://sn.coinafrique.com/annonce/chaussures-enfants/chaussures-enfants-5698980
Chaussures enfant;Prix sur demande;Point E, Dakar, Sénégal;https://sn.coinafrique.com/annonce/chaussures-enfants/chaussures-enfants-5698980
Chaussures enfant;4 000 CFA;Sénégal;https://sn.coinafrique.com/annonce/chaussures-enfants/chaussures-enfants-5698980
Chaussures enfant;Prix sur demande;Fann, Dakar, Sénégal;https://sn.coinafrique.com/annonce/chaussures-enfants/chaussures-enfants-5698980
Chaussures enfants;Prix sur demande;Fann, Dakar, Sénégal;https://sn.coinafrique.com/annonce/chaussures-enfants/chaussures-enfants-5698980
Chaussures enfants;Prix sur demande;Fann, Dakar, Sénégal;https://sn.coinafrique.com/annonce/chaussures-enfants/chaussures-enfants-5698980
Chaussures enfant;Prix sur demande;Petit-Mbao, Dakar, Sénégal;
Chaussures enfant;Prix sur demande;Biscuiterie, Dakar, Sénégal;https://sn.coinafrique.com/annonce/chaussures-enfants/chaussures-enfants-5698980
Chaussures talons fillette;Prix sur demande;Sénégal;https://sn.coinafrique.com/annonce/chaussures-enfants/chaussures-talons-fillette-801329
Talons rasés;Prix sur demande;Sénégal;
Chaussures enfant;Prix sur demande;Dakar, Sénégal;https://sn.coinafrique.com/annonce/chaussures-enfants/chaussures-enfants-5698980
Chaussures enfant;Prix sur demande;Dakar, Sénégal;https://sn.coinafrique.com/annonce/chaussures-enfants/chaussures-enfants-5698980
Chaussures enfant;Prix sur demande;Dakar, Sénégal;
Chaussures enfant;Prix sur demande;Dakar, Sénégal;https://sn.coinafrique.com/annonce/chaussures-enfants/chaussures-enfants-5698980
Chaussures enfant;Prix sur demande;Dakar, Sénégal;https://sn.coinafrique.com/annonce/chaussures-enfants/chaussures-enfants-5698980
Chaussures enfant;Prix sur demande;Dakar, Sénégal;https://sn.coinafrique.com/annonce/chaussures-enfants/chaussures-enfants-5698980
Chaussures enfant;Prix sur demande;Dakar, Sénégal;https://sn.coinafrique.com/annonce/chaussures-enfants/chaussures-enfants-5698980
Chaussures enfant;Prix sur demande;Dakar, Sénégal;https://sn.coinafrique.com/annonce/chaussures-enfants/chaussures-enfants-5698980
Chaussures enfant;Prix sur demande;Dakar, Sénégal;https://sn.coinafrique.com/annonce/chaussures-enfants/chaussures-enfants-5698980
Chaussures enfant;Prix sur demande;Dakar, Sénégal;https://sn.coinafrique.com/annonce/chaussures-enfants/chaussures-enfants-5698980
Chaussures enfant;Prix sur demande;Dakar, Sénégal;https://sn.coinafrique.com/annonce/chaussures-enfants/chaussures-enfants-5698980
Chaussures enfant;Prix sur demande;Dakar, Sénégal;https://sn.coinafrique.com/annonce/chaussures-enfants/chaussures-enfants-5698980
Chaussures enfant;Prix sur demande;Dakar, Sénégal;https://sn.coinafrique.com/annonce/chaussures-enfants/chaussures-enfants-5698980
Chaussures enfant;8 000 CFA;Les Parcelles Assainies, Dakar, Sénégal;https://sn.coinafrique.com/annonce/chaussures-enfants/chaussures-enfants-5698980
Chaussures enfant;8 000 CFA;Les Parcelles Assainies, Dakar, Sénégal;https://sn.coinafrique.com/annonce/chaussures-enfants/chaussures-enfants-5698980
Chaussures Enfant;8 000 CFA;Les Parcelles Assainies, Dakar, Sénégal;https://sn.coinafrique.com/annonce/chaussures-enfants/chaussures-enfants-5698980
Chaussures enfant;8 500 CFA;Cambérène, Dakar, Sénégal;
Chaussures enfant;6 000 CFA;Les Parcelles Assainies, Dakar, Sénégal;https://sn.coinafrique.com/annonce/chaussures-enfants/chaussures-enfants-5698980
Ensemble talon;15 000 CFA;Cambérène, Dakar, Sénégal;https://sn.coinafrique.com/annonce/chaussures-enfants/ensemble-talon-861833
Chaussures enfant;7 500 CFA;Sénégal;https://sn.coinafrique.com/annonce/chaussures-enfants/chaussures-enfants-5698980
Chaussures enfant;7 500 CFA;Cambérène, Dakar, Sénégal;https://sn.coinafrique.com/annonce/chaussures-enfants/chaussures-enfants-5698980
Chaussures pour enfant;13 000 CFA;Sénégal;https://sn.coinafrique.com/annonce/chaussures-enfants/chaussures-enfants-5698980
Chaussures enfant;Prix sur demande;Dakar, Sénégal;https://sn.coinafrique.com/annonce/chaussures-enfants/chaussures-enfants-5698980
Chaussures enfant;Prix sur demande;Dakar, Sénégal;https://sn.coinafrique.com/annonce/chaussures-enfants/chaussures-enfants-5698980
Chaussures enfant;Prix sur demande;Dakar, Sénégal;https://sn.coinafrique.com/annonce/chaussures-enfants/chaussures-enfants-5698980
Chaussures;Prix sur demande;Dakar, Sénégal;https://sn.coinafrique.com/annonce/chaussures-enfants/chaussures-enfants-5698980
Chaussures enfants;8 000 CFA;Sénégal;https://sn.coinafrique.com/annonce/chaussures-enfants/chaussures-enfants-5698980
Chaussures Baskets;15 000 CFA;Sénégal;https://sn.coinafrique.com/annonce/chaussures-enfants/chaussures-enfants-5540293
Claquettes enfant;8 000 CFA;Sénégal;https://sn.coinafrique.com/annonce/chaussures-enfants/claquettes-enfant-3768510
Chaussures enfants;10 000 CFA;Sénégal;https://sn.coinafrique.com/annonce/chaussures-enfants/chaussures-enfants-5698980
Chaussures Enfants;12 000 CFA;Dakar, Sénégal;https://sn.coinafrique.com/annonce/chaussures-enfants/chaussures-enfants-5698980
Baskets;12 000 CFA;Dakar, Sénégal;https://sn.coinafrique.com/annonce/chaussures-enfants/baskets-adidas-enfants-5578754
Chaussures pour enfant;Prix sur demande;Dakar, Sénégal;https://sn.coinafrique.com/annonce/chaussures-enfants/chaussures-enfants-5698980
Chaussures enfant;Prix sur demande;Dakar, Sénégal;https://sn.coinafrique.com/annonce/chaussures-enfants/chaussures-enfants-5698980
Chaussures enfant;Prix sur demande;Dakar, Sénégal;https://sn.coinafrique.com/annonce/chaussures-enfants/chaussures-enfants-5698980
Chaussures enfant;Prix sur demande;Dakar, Sénégal;https://sn.coinafrique.com/annonce/chaussures-enfants/chaussures-enfants-5698980
Chaussures enfant;Prix sur demande;Dakar, Sénégal;https://sn.coinafrique.com/annonce/chaussures-enfants/chaussures-enfants-5698980
Chaussures enfant;Prix sur demande;Dakar, Sénégal;https://sn.coinafrique.com/annonce/chaussures-enfants/chaussures-enfants-5698980
Chaussures enfant;Prix sur demande;Dakar, Sénégal;https://sn.coinafrique.com/annonce/chaussures-enfants/chaussures-enfants-5698980
Chaussures pour enfant;Prix sur demande;Dakar, Sénégal;https://sn.coinafrique.com/annonce/chaussures-enfants/chaussures-enfants-5698980
Chaussures enfant;Prix sur demande;Dakar, Sénégal;https://sn.coinafrique.com/annonce/chaussures-enfants/chaussures-enfants-5698980
Chaussures  enfant;Prix sur demande;Dakar, Sénégal;https://sn.coinafrique.com/annonce/chaussures-enfants/chaussures-enfants-5698980
chaussures  enfant;Prix sur demande;Dakar, Sénégal;https://sn.coinafrique.com/annonce/chaussures-enfants/chaussures-enfants-5698980
Chaussures enfant;Prix sur demande;Dakar, Sénégal;https://sn.coinafrique.com/annonce/chaussures-enfants/chaussures-enfants-5698980
Chaussures enfant;Prix sur demande;Dakar, Sénégal;https://sn.coinafrique.com/annonce/chaussures-enfants/chaussures-enfants-5698980
Chaussures enfant;Prix sur demande;Dakar, Sénégal;https://sn.coinafrique.com/annonce/chaussures-enfants/chaussures-enfants-5698980
Chaussures enfant;Prix sur demande;Dakar, Sénégal;https://sn.coinafrique.com/annonce/chaussures-enfants/chaussures-enfants-5698980
Chaussures  enfant;Prix sur demande;Dakar, Sénégal;https://sn.coinafrique.com/annonce/chaussures-enfants/chaussures-enfants-5698980
Chaussures enfant;Prix sur demande;Dakar, Sénégal;https://sn.coinafrique.com/annonce/chaussures-enfants/chaussures-enfants-5698980
Chaussures enfant;Prix sur demande;Dakar, Sénégal;https://sn.coinafrique.com/annonce/chaussures-enfants/chaussures-enfants-5698980
Chaussures  enfant;Prix sur demande;Dakar, Sénégal;https://sn.coinafrique.com/annonce/chaussures-enfants/chaussures-enfants-5698980
Chaussures   enfant;Prix sur demande;Dakar, Sénégal;https://sn.coinafrique.com/annonce/chaussures-enfants/chaussures-enfants-5698980
Chaussures enfant;Prix sur demande;Dakar, Sénégal;https://sn.coinafrique.com/annonce/chaussures-enfants/chaussures-enfants-5698980
Chaussures  enfant;Prix sur demande;Dakar, Sénégal;https://sn.coinafrique.com/annonce/chaussures-enfants/chaussures-enfants-5698980
Chaussures pour enfant;Prix sur demande;Dakar, Sénégal;https://sn.coinafrique.com/annonce/chaussures-enfants/chaussures-enfants-5698980
Chaussures  enfant;Prix sur demande;Dakar, Sénégal;https://sn.coinafrique.com/annonce/chaussures-enfants/chaussures-enfants-5698980
Chaussures pour enfant;Prix sur demande;Dakar, Sénégal;https://sn.coinafrique.com/annonce/chaussures-enfants/chaussures-enfants-5698980
Chaussures  enfant;Prix sur demande;Dakar, Sénégal;https://sn.coinafrique.com/annonce/chaussures-enfants/chaussures-enfants-5698980
Chaussures  enfant;Prix sur demande;Dakar, Sénégal;https://sn.coinafrique.com/annonce/chaussures-enfants/chaussures-enfants-5698980
Chaussures  enfant;Prix sur demande;Dakar, Sénégal;https://sn.coinafrique.com/annonce/chaussures-enfants/chaussures-enfants-5698980
Chaussures enfant;Prix sur demande;Dakar, Sénégal;https://sn.coinafrique.com/annonce/chaussures-enfants/chaussures-enfants-5698980
Chaussures enfant;Prix sur demande;Dakar, Sénégal;https://sn.coinafrique.com/annonce/chaussures-enfants/chaussures-enfants-5698980
Chaussures enfant;Prix sur demande;Dakar, Sénégal;https://sn.coinafrique.com/annonce/chaussures-enfants/chaussures-enfants-5698980
Chaussures enfant;Prix sur demande;Dakar, Sénégal;https://sn.coinafrique.com/annonce/chaussures-enfants/chaussures-enfants-5698980
Chaussures enfant;Prix sur demande;Dakar, Sénégal;https://sn.coinafrique.com/annonce/chaussures-enfants/chaussures-enfants-5698980
Chaussures enfants Zara;7 000 CFA;Sénégal;https://sn.coinafrique.com/annonce/chaussures-enfants/chaussures-enfants-zara-905654
Chaussures enfant;10 000 CFA;Sénégal;https://sn.coinafrique.com/annonce/chaussures-enfants/chaussures-enfant-919324
Baskets Lacoste - enfant;15 000 CFA;Mermoz-Sacré-Cœur, Dakar, Sénégal;https://sn.coinafrique.com/annonce/chaussures-enfants/baskets-lacoste-enfant-919329
Chaussures et sacs - enfants;15 000 CFA;Saly, Sénégal;https://sn.coinafrique.com/annonce/chaussures-enfants/chaussures-et-sacs-enfants-947507
Chaussures enfants;10 000 CFA;Dakar, Sénégal;https://sn.coinafrique.com/annonce/chaussures-enfants/chaussures-enfants-5698980
Chaussures de qualité;20 000 CFA;Grand Yoff, Dakar, Sénégal;https://sn.coinafrique.com/annonce/chaussures-enfants/baskets-enfant-5080430
Chaussures enfant;7 000 CFA;Les Parcelles Assainies, Dakar, Sénégal;https://sn.coinafrique.com/annonce/chaussures-enfants/chaussures-enfants-5698980
Chaussures originales;7 000 CFA;Patte d'Oie, Dakar, Sénégal;https://sn.coinafrique.com/annonce/chaussures-enfants/chaussures-enfants-5698980
Chaussures petit  garçon;2 500 CFA;M'bour, Sénégal;https://sn.coinafrique.com/annonce/chaussures-enfants/chaussures-petit-garcon-989555
Chaussures petite fille;3 000 CFA;M'bour, Sénégal;https://sn.coinafrique.com/annonce/chaussures-enfants/chaussures-petite-fille-989571
Chaussures filles;3 000 CFA;M'bour, Sénégal;https://sn.coinafrique.com/annonce/chaussures-enfants/chaussures-filles-989597
Chaussures garçons;3 000 CFA;M'bour, Sénégal;https://sn.coinafrique.com/annonce/chaussures-enfants/chaussures-garcons-989602
Chaussures;7 000 CFA;Dakar, Sénégal;https://sn.coinafrique.com/annonce/chaussures-enfants/chaussures-enfants-5698980
Chaussures pour enfant;4 000 CFA;Keur Massar, Sénégal;https://sn.coinafrique.com/annonce/chaussures-enfants/chaussures-enfants-4797078
Chaussures pour enfant;3 000 CFA;Keur Massar, Sénégal;https://sn.coinafrique.com/annonce/chaussures-enfants/chaussures-enfants-4797078
Mocassins enfant;4 000 CFA;Mermoz-Sacré-Cœur, Dakar, Sénégal;https://sn.coinafrique.com/annonce/chaussures-enfants/mocassins-enfant-3319920
Chaussures enfant;12 500 CFA;Rufisque, Sénégal;https://sn.coinafrique.com/annonce/chaussures-enfants/chaussures-orthopediques-enfants-3128593
Mocassins Enfant;5 000 CFA;Les Parcelles Assainies, Dakar, Sénégal;https://sn.coinafrique.com/annonce/chaussures-enfants/mocassins-enfant-en-daim-3354895
Chaussures - enfant;8 000 CFA;Ouakam, Dakar, Sénégal;https://sn.coinafrique.com/annonce/chaussures-enfants/chaussures-enfants-5327025
Chaussures Enfants;5 000 CFA;Les Parcelles Assainies, Dakar, Sénégal;https://sn.coinafrique.com/annonce/chaussures-enfants/chaussures-enfants-1711436
Chaussures enfants;Prix sur demande;HLM, Dakar, Sénégal;https://sn.coinafrique.com/annonce/chaussures-enfants/chaussures-enfants-5698980
Chaussures enfant;3 000 CFA;Les Parcelles Assainies, Dakar, Sénégal;https://sn.coinafrique.com/annonce/chaussures-enfants/chaussures-enfants-5698980
Chaussures enfant;7 000 CFA;Dakar, Sénégal;https://sn.coinafrique.com/annonce/chaussures-enfants/chaussures-enfants-5698980
Chaussures enfants;Prix sur demande;Guediawaye, Dakar, Sénégal;https://sn.coinafrique.com/annonce/chaussures-enfants/chaussures-enfant-3513868
Claquettes enfants;Prix sur demande;Mermoz-Sacré-Cœur, Dakar, Sénégal;https://sn.coinafrique.com/annonce/chaussures-enfants/claquettes-enfant-2972548
Chaussures enfants;Prix sur demande;Les Parcelles Assainies, Dakar, Sénégal;https://sn.coinafrique.com/annonce/chaussures-enfants/chaussures-enfants-1711436
Chaussures bébé;Prix sur demande;Hann Bel-Air, Dakar, Sénégal;https://sn.coinafrique.com/annonce/chaussures-enfants/ensemble-chaussures-et-chaussettes-pour-bebe-5037805
Chaussures enfant;3 500 CFA;Dakar, Sénégal;https://sn.coinafrique.com/annonce/chaussures-enfants/chaussures-enfant-1270845
Chaussures classe;7 500 CFA;Guediawaye, Dakar, Sénégal;https://sn.coinafrique.com/annonce/chaussures-enfants/chaussures-skateboard-4402279
Chaussures;Prix sur demande;HLM, Dakar, Sénégal;https://sn.coinafrique.com/annonce/chaussures-enfants/chaussures-enfants-5698980
Claquettes pour fille;9 000 CFA;Mermoz-Sacré-Cœur, Dakar, Sénégal;https://sn.coinafrique.com/annonce/chaussures-enfants/claquettes-pour-fille-1352820
Coffrets pour enfants;6 000 CFA;Sicap Liberté, Dakar, Sénégal;https://sn.coinafrique.com/annonce/chaussures-enfants/coffrets-pour-enfants-1357961
Chaussures pour fille;12 000 CFA;Grand Yoff, Dakar, Sénégal;https://sn.coinafrique.com/annonce/chaussures-enfants/chaussures-enfant-3247099
Chaussures anti-dérapantes;4 000 CFA;Grand Yoff, Dakar, Sénégal;https://sn.coinafrique.com/annonce/chaussures-enfants/chaussures-anti-derapantes-1381082
Chaussures enfant;7 000 CFA;Les Parcelles Assainies, Dakar, Sénégal;https://sn.coinafrique.com/annonce/chaussures-enfants/chaussures-enfants-1711436
Chaussures enfant;10 000 CFA;Mermoz-Sacré-Cœur, Dakar, Sénégal;https://sn.coinafrique.com/annonce/chaussures-enfants/chaussures-enfant-1409266
Chaussures enfants;Prix sur demande;Sicap-Liberté, Dakar, Sénégal;https://sn.coinafrique.com/annonce/chaussures-enfants/chaussures-enfants-3777593
Sandales pour enfants;Prix sur demande;Fass, Dakar, Sénégal;https://sn.coinafrique.com/annonce/chaussures-enfants/sandales-pour-enfants-1565794
Baskets Jordan;40 000 CFA;Thies Nord, Thiès, Sénégal;https://sn.coinafrique.com/annonce/chaussures-enfants/baskets-jordan-6-1566247
Baskets Jordan 6;40 000 CFA;Thies Nord, Thiès, Sénégal;https://sn.coinafrique.com/annonce/chaussures-enfants/baskets-jordan-6-1566247
Chaussures enfant;5 000 CFA;Fass, Dakar, Sénégal;https://sn.coinafrique.com/annonce/chaussures-enfants/chaussures-enfants-1612546
Chaussures enfants;5 000 CFA;Fass, Dakar, Sénégal;https://sn.coinafrique.com/annonce/chaussures-enfants/chaussures-enfants-1612546
Chaussures pour enfant;5 000 CFA;Fass, Dakar, Sénégal;https://sn.coinafrique.com/annonce/chaussures-enfants/chaussures-enfants-1612546
Chaussures enfants;5 000 CFA;Fass, Dakar, Sénégal;https://sn.coinafrique.com/annonce/chaussures-enfants/chaussures-enfants-1612546
Chaussures Enfants;Prix sur demande;Fass, Dakar, Sénégal;https://sn.coinafrique.com/annonce/chaussures-enfants/chaussures-enfants-1612546
Chaussures enfants;8 000 CFA;Les Parcelles Assainies, Dakar, Sénégal;https://sn.coinafrique.com/annonce/chaussures-enfants/chaussures-enfants-1711436
Chaussures enfants;Prix sur demande;Fass, Dakar, Sénégal;https://sn.coinafrique.com/annonce/chaussures-enfants/chaussures-enfants-1612546
Chaussures  enfants;Prix sur demande;Fass, Dakar, Sénégal;https://sn.coinafrique.com/annonce/chaussures-enfants/chaussures-enfants-1612546
Chaussures enfants;Prix sur demande;Fass, Dakar, Sénégal;https://sn.coinafrique.com/annonce/chaussures-enfants/chaussures-enfants-1612546
Chaussures  enfants;Prix sur demande;Fass, Dakar, Sénégal;https://sn.coinafrique.com/annonce/chaussures-enfants/chaussures-enfants-1612546
Claquettes filles;10 000 CFA;Dakar Plateau, Dakar, Sénégal;https://sn.coinafrique.com/annonce/chaussures-enfants/claquettes-filles-1679922
Chaussures enfants;10 000 CFA;Les Parcelles Assainies, Dakar, Sénégal;https://sn.coinafrique.com/annonce/chaussures-enfants/chaussures-enfants-1711436
Chaussures enfant;Prix sur demande;HLM, Dakar, Sénégal;https://sn.coinafrique.com/annonce/chaussures-enfants/chaussures-enfant-4173847
Chaussures enfants;Prix sur demande;Grand Yoff, Dakar, Sénégal;https://sn.coinafrique.com/annonce/chaussures-enfants/chaussures-enfant-ogiy-4623157
Chaussures enfant;Prix sur demande;Grand Yoff, Dakar, Sénégal;https://sn.coinafrique.com/annonce/chaussures-enfants/chaussures-enfant-ogiy-4623157
Chaussures bébé;2 000 CFA;Dakar Plateau, Dakar, Sénégal;https://sn.coinafrique.com/annonce/chaussures-enfants/ensemble-chaussures-et-chaussettes-pour-bebe-5037805
Chaussures enfant Cat & Jack;7 000 CFA;Dakar, Sénégal;https://sn.coinafrique.com/annonce/chaussures-enfants/chaussures-enfant-cat-et-jack-1873847
Chaussures bébé garçon;5 000 CFA;Rufisque, Sénégal;https://sn.coinafrique.com/annonce/chaussures-enfants/chaussures-bebe-et-enfant-4783650
Chaussures / bébé fille;5 000 CFA;Rufisque, Sénégal;https://sn.coinafrique.com/annonce/chaussures-enfants/chaussures-bebe-et-enfant-4783650
Chaussures bébé;5 000 CFA;Rufisque, Sénégal;https://sn.coinafrique.com/annonce/chaussures-enfants/chaussures-enfant-2085293
Chaussures enfant;12 000 CFA;Fass, Dakar, Sénégal;https://sn.coinafrique.com/annonce/chaussures-enfants/chaussures-enfant-5284799
Chaussures enfants;10 000 CFA;Fass, Dakar, Sénégal;https://sn.coinafrique.com/annonce/chaussures-enfants/chaussures-enfant-5284799
Chaussons bébé;1 000 CFA;Rufisque, Sénégal;
Chaussures enfants;15 000 CFA;Fann, Dakar, Sénégal;https://sn.coinafrique.com/annonce/chaussures-enfants/chaussures-enfant-2065087
Chaussures enfant;10 000 CFA;Fann, Dakar, Sénégal;https://sn.coinafrique.com/annonce/chaussures-enfants/chaussures-enfant-2065087
Chaussures enfants;10 000 CFA;Fann, Dakar, Sénégal;https://sn.coinafrique.com/annonce/chaussures-enfants/chaussures-enfant-2065087
Chaussures enfants;10 000 CFA;Fann, Dakar, Sénégal;https://sn.coinafrique.com/annonce/chaussures-enfants/chaussures-enfant-2065087
Chaussures enfant;10 000 CFA;Fann, Dakar, Sénégal;https://sn.coinafrique.com/annonce/chaussures-enfants/chaussures-enfant-2065087
Chaussures enfants;10 000 CFA;Fann, Dakar, Sénégal;https://sn.coinafrique.com/annonce/chaussures-enfants/chaussures-enfant-2065087
Chaussures enfant;7 000 CFA;HLM, Dakar, Sénégal;https://sn.coinafrique.com/annonce/chaussures-enfants/chaussures-enfant-4173847
Chaussures enfant;7 000 CFA;HLM, Dakar, Sénégal;https://sn.coinafrique.com/annonce/chaussures-enfants/chaussures-enfant-4173847
Chaussures enfant;10 000 CFA;Fann, Dakar, Sénégal;https://sn.coinafrique.com/annonce/chaussures-enfants/chaussures-enfant-2065087
Chaussures enfant;10 000 CFA;Fann, Dakar, Sénégal;https://sn.coinafrique.com/annonce/chaussures-enfants/chaussures-enfant-2065087
Chaussures enfant;10 000 CFA;Fann, Dakar, Sénégal;https://sn.coinafrique.com/annonce/chaussures-enfants/chaussures-enfant-2065087
Chaussures /  garçon;8 000 CFA;Fann, Dakar, Sénégal;https://sn.coinafrique.com/annonce/chaussures-enfants/chaussures-garcon-2076146
Mocassins enfant;8 000 CFA;Fann, Dakar, Sénégal;https://sn.coinafrique.com/annonce/chaussures-enfants/mocassins-enfant-2076365
Chaussures enfant;1 000 CFA;Les Parcelles Assainies, Dakar, Sénégal;https://sn.coinafrique.com/annonce/chaussures-enfants/chaussures-enfant-2085293
Chaussures enfant;10 000 CFA;Grand Yoff, Dakar, Sénégal;https://sn.coinafrique.com/annonce/chaussures-enfants/chaussures-enfant-ogiy-4623157
Chaussures enfant;15 000 CFA;Mermoz-Sacré Coeur, Dakar, Sénégal;https://sn.coinafrique.com/annonce/chaussures-enfants/chaussures-enfants-5294713
Chaussures enfant;5 000 CFA;HLM, Dakar, Sénégal;https://sn.coinafrique.com/annonce/chaussures-enfants/chaussures-enfant-4173847
Chaussures enfant;10 000 CFA;Dakar, Sénégal;https://sn.coinafrique.com/annonce/chaussures-enfants/chaussures-enfants-5698980
Claquettes enfants;3 500 CFA;HLM, Dakar, Sénégal;https://sn.coinafrique.com/annonce/chaussures-enfants/claquettes-enfants-2141792
Chaussures enfant;25 000 CFA;Dakar Plateau, Dakar, Sénégal;https://sn.coinafrique.com/annonce/chaussures-enfants/chaussures-enfants-5698971
Chaussures enfant;25 000 CFA;Dakar, Sénégal;https://sn.coinafrique.com/annonce/chaussures-enfants/chaussures-enfants-5698980
Chaussures pour bébé;1 500 CFA;Les Parcelles Assainies, Dakar, Sénégal;https://sn.coinafrique.com/annonce/chaussures-enfants/chaussures-enfant-2085293
Chaussures pour enfant;15 000 CFA;Mermoz-Sacré Coeur, Dakar, Sénégal;https://sn.coinafrique.com/annonce/chaussures-enfants/chaussures-enfants-5294713
Mocassins enfant;3 000 CFA;Parcelle Assainies, Dakar, Sénégal;https://sn.coinafrique.com/annonce/chaussures-enfants/mocassins-enfant-2215961
Chaussures enfant;10 000 CFA;Dakar, Sénégal;https://sn.coinafrique.com/annonce/chaussures-enfants/chaussures-enfants-5698980
Claquettes enfant;10 000 CFA;Dakar, Sénégal;https://sn.coinafrique.com/annonce/chaussures-enfants/claquettes-enfant-2972548
Chaussures enfant;8 000 CFA;Mermoz-Sacré-Cœur, Dakar, Sénégal;https://sn.coinafrique.com/annonce/chaussures-enfants/chaussures-enfants-5698980
Chaussures enfant;8 000 CFA;Mermoz-Sacré-Cœur, Dakar, Sénégal;https://sn.coinafrique.com/annonce/chaussures-enfants/chaussures-enfants-5698980
Chaussures  enfant;8 000 CFA;Mermoz-Sacré-Cœur, Dakar, Sénégal;https://sn.coinafrique.com/annonce/chaussures-enfants/chaussures-enfants-5698980
Chaussures enfant;5 000 CFA;Fass, Dakar, Sénégal;https://sn.coinafrique.com/annonce/chaussures-enfants/chaussures-enfant-5284799
Bottes de pluie;5 000 CFA;Dakar, Sénégal;https://sn.coinafrique.com/annonce/chaussures-enfants/bottes-de-pluie-2306870
Chaussures enfant;7 000 CFA;Mermoz-Sacré-Cœur, Dakar, Sénégal;https://sn.coinafrique.com/annonce/chaussures-enfants/chaussures-enfants-5698980
Chaussettes enfants 0 à 12 ans;2 000 CFA;Dakar, Sénégal;
Chaussures enfant;7 000 CFA;Mermoz-Sacré-Cœur, Dakar, Sénégal;https://sn.coinafrique.com/annonce/chaussures-enfants/chaussures-enfants-5698980
Chaussures enfant;6 000 CFA;Dieuppeul-Derklé, Dakar, Sénégal;https://sn.coinafrique.com/annonce/chaussures-enfants/chaussures-enfant-4566463
Chaussures enfant;6 000 CFA;Dieuppeul-Derklé, Dakar, Sénégal;https://sn.coinafrique.com/annonce/chaussures-enfants/chaussures-enfant-4566463
Chaussures;6 000 CFA;Dieuppeul-Derklé, Dakar, Sénégal;https://sn.coinafrique.com/annonce/chaussures-enfants/chaussures-enfant-4566463
Chaussures enfant;6 000 CFA;Dieuppeul-Derklé, Dakar, Sénégal;https://sn.coinafrique.com/annonce/chaussures-enfants/chaussures-enfant-4566463
Chaussures enfant;6 000 CFA;Dieuppeul-Derklé, Dakar, Sénégal;https://sn.coinafrique.com/annonce/chaussures-enfants/chaussures-enfant-4566463
Chaussures bébé;5 000 CFA;Dakar, Sénégal;https://sn.coinafrique.com/annonce/chaussures-enfants/chaussures-bebe-et-enfant-4783650
Chaussures enfants;5 000 CFA;Dakar, Sénégal;https://sn.coinafrique.com/annonce/chaussures-enfants/chaussures-enfants-5698980
Chaussures enfant;6 000 CFA;Dieuppeul-Derklé, Dakar, Sénégal;https://sn.coinafrique.com/annonce/chaussures-enfants/chaussures-enfant-4566463
Chaussures enfants;6 000 CFA;Dieuppeul-Derklé, Dakar, Sénégal;https://sn.coinafrique.com/annonce/chaussures-enfants/chaussures-enfant-4566463
Chaussures enfants;6 000 CFA;Dieuppeul-Derklé, Dakar, Sénégal;https://sn.coinafrique.com/annonce/chaussures-enfants/chaussures-enfant-4566463
Chaussures enfant;6 000 CFA;Dieuppeul-Derklé, Dakar, Sénégal;https://sn.coinafrique.com/annonce/chaussures-enfants/chaussures-enfant-4566463
Chaussures enfant;6 000 CFA;Dieuppeul-Derklé, Dakar, Sénégal;https://sn.coinafrique.com/annonce/chaussures-enfants/chaussures-enfant-4566463
Chaussures enfant;6 000 CFA;Dieuppeul-Derklé, Dakar, Sénégal;https://sn.coinafrique.com/annonce/chaussures-enfants/chaussures-enfant-4566463
Chaussures bébé;2 000 CFA;Parcelle Assainies, Dakar, Sénégal;https://sn.coinafrique.com/annonce/chaussures-enfants/chaussures-enfant-2085293
Chaussures enfant;7 000 CFA;Grand Yoff, Dakar, Sénégal;https://sn.coinafrique.com/annonce/chaussures-enfants/chaussures-enfant-ogiy-4623157
Chaussures enfant;6 000 CFA;Dieuppeul-Derklé, Dakar, Sénégal;https://sn.coinafrique.com/annonce/chaussures-enfants/chaussures-enfant-4566463
Chaussures enfants;5 000 CFA;Dieuppeul-Derklé, Dakar, Sénégal;https://sn.coinafrique.com/annonce/chaussures-enfants/chaussures-enfant-4566463
Chaussures enfant;6 000 CFA;Dieuppeul-Derklé, Dakar, Sénégal;https://sn.coinafrique.com/annonce/chaussures-enfants/chaussures-enfant-4566463
Chaussures enfant;6 000 CFA;Dieuppeul-Derklé, Dakar, Sénégal;https://sn.coinafrique.com/annonce/chaussures-enfants/chaussures-enfant-4566463
Chaussures enfants;5 000 CFA;Dieuppeul-Derklé, Dakar, Sénégal;https://sn.coinafrique.com/annonce/chaussures-enfants/chaussures-enfant-4566463
Chaussures enfant;8 000 CFA;Dakar Plateau, Dakar, Sénégal;https://sn.coinafrique.com/annonce/chaussures-enfants/chaussures-enfants-5698971
Chaussures talons / enfants;8 000 CFA;Dakar Plateau, Dakar, Sénégal;https://sn.coinafrique.com/annonce/chaussures-enfants/chaussures-talons-enfants-2387260
Chaussures Enfants;9 000 CFA;Dakar, Sénégal;https://sn.coinafrique.com/annonce/chaussures-enfants/chaussures-enfants-5698980
Chaussures Enfants;9 000 CFA;Dakar, Sénégal;https://sn.coinafrique.com/annonce/chaussures-enfants/chaussures-enfants-5698980
Chaussures enfant;9 000 CFA;Dakar, Sénégal;https://sn.coinafrique.com/annonce/chaussures-enfants/chaussures-enfants-5698980
Chaussures enfant;9 000 CFA;Dakar, Sénégal;https://sn.coinafrique.com/annonce/chaussures-enfants/chaussures-enfants-5698980
Chaussures enfant;6 000 CFA;Dieuppeul-Derklé, Dakar, Sénégal;https://sn.coinafrique.com/annonce/chaussures-enfants/chaussures-enfant-4566463
Chaussures enfant;10 000 CFA;Dakar, Sénégal;https://sn.coinafrique.com/annonce/chaussures-enfants/chaussures-enfants-5698980
Chaussures enfants;10 000 CFA;Dakar, Sénégal;https://sn.coinafrique.com/annonce/chaussures-enfants/chaussures-enfants-5698980
Chaussures enfant;6 000 CFA;Dieuppeul-Derklé, Dakar, Sénégal;https://sn.coinafrique.com/annonce/chaussures-enfants/chaussures-enfant-4566463
Chaussures enfant;6 000 CFA;Dieuppeul-Derklé, Dakar, Sénégal;https://sn.coinafrique.com/annonce/chaussures-enfants/chaussures-enfant-4566463
Chaussures bébé fille o-1 mois;3 000 CFA;Sicap Liberté, Dakar, Sénégal;
Chaussures enfant;2 200 CFA;Dakar, Sénégal;https://sn.coinafrique.com/annonce/chaussures-enfants/chaussures-enfants-5698980
Chaussures enfant;30 000 CFA;Dakar, Sénégal;https://sn.coinafrique.com/annonce/chaussures-enfants/chaussures-enfants-5698980
Chaussures enfants;6 000 CFA;Dieuppeul-Derklé, Dakar, Sénégal;https://sn.coinafrique.com/annonce/chaussures-enfants/chaussures-enfant-4566463
Chaussures Enfants;8 000 CFA;Dakar, Sénégal;https://sn.coinafrique.com/annonce/chaussures-enfants/chaussures-enfants-5698980
Chaussures enfant;8 000 CFA;Dakar, Sénégal;https://sn.coinafrique.com/annonce/chaussures-enfants/chaussures-enfants-5698980
Chaussures Enfants;8 000 CFA;Dakar, Sénégal;https://sn.coinafrique.com/annonce/chaussures-enfants/chaussures-enfants-5698980
Chaussures enfants;6 000 CFA;Dieuppeul-Derklé, Dakar, Sénégal;https://sn.coinafrique.com/annonce/chaussures-enfants/chaussures-enfant-4566463
Chaussures enfant;Prix sur demande;Guediawaye, Dakar, Sénégal;https://sn.coinafrique.com/annonce/chaussures-enfants/chaussures-enfant-3513868
Chaussures Enfants;4 500 CFA;Mermoz-Sacré-Cœur, Dakar, Sénégal;https://sn.coinafrique.com/annonce/chaussures-enfants/chaussures-enfants-5698980
Chaussures Enfants;8 000 CFA;Dakar, Sénégal;https://sn.coinafrique.com/annonce/chaussures-enfants/chaussures-enfants-5698980
Chaussures Enfants;8 000 CFA;Dakar, Sénégal;https://sn.coinafrique.com/annonce/chaussures-enfants/chaussures-enfants-5698980
Chaussures pour filles;12 000 CFA;Hann Bel-Air, Dakar, Sénégal;https://sn.coinafrique.com/annonce/chaussures-enfants/chaussures-pour-filles-2439527
Chaussures enfants;6 000 CFA;Dieuppeul-Derklé, Dakar, Sénégal;https://sn.coinafrique.com/annonce/chaussures-enfants/chaussures-enfant-4566463
Chaussures enfants;Prix sur demande;Ouakam, Dakar, Sénégal;https://sn.coinafrique.com/annonce/chaussures-enfants/chaussures-enfants-5327025
Chaussures enfant;5 500 CFA;Ouakam, Dakar, Sénégal;https://sn.coinafrique.com/annonce/chaussures-enfants/chaussures-enfants-5327025
Chaussures enfants;6 000 CFA;Ouakam, Dakar, Sénégal;https://sn.coinafrique.com/annonce/chaussures-enfants/chaussures-enfants-5327025
Chaussures enfant;4 000 CFA;Dakar, Sénégal;https://sn.coinafrique.com/annonce/chaussures-enfants/chaussures-enfants-5698980
Chaussures enfant;6 000 CFA;Dieuppeul-Derklé, Dakar, Sénégal;https://sn.coinafrique.com/annonce/chaussures-enfants/chaussures-enfant-4566463
Chaussures enfants;Prix sur demande;Grand Yoff, Dakar, Sénégal;https://sn.coinafrique.com/annonce/chaussures-enfants/chaussures-enfant-ogiy-4623157
Chaussures enfants;Prix sur demande;Dakar, Sénégal;https://sn.coinafrique.com/annonce/chaussures-enfants/chaussures-enfants-5698980
Chaussures enfants;6 000 CFA;Dieuppeul-Derklé, Dakar, Sénégal;https://sn.coinafrique.com/annonce/chaussures-enfants/chaussures-enfant-4566463
Chaussures enfants;Prix sur demande;Dakar, Sénégal;https://sn.coinafrique.com/annonce/chaussures-enfants/chaussures-enfants-5698980
Chaussures enfant;Prix sur demande;Dakar, Sénégal;https://sn.coinafrique.com/annonce/chaussures-enfants/chaussures-enfants-5698980
Chaussures enfant;6 000 CFA;Dieuppeul-Derklé, Dakar, Sénégal;https://sn.coinafrique.com/annonce/chaussures-enfants/chaussures-enfant-4566463
Chaussures enfant;6 000 CFA;Dieuppeul-Derklé, Dakar, Sénégal;https://sn.coinafrique.com/annonce/chaussures-enfants/chaussures-enfant-4566463
Chaussures enfant;6 000 CFA;Dieuppeul-Derklé, Dakar, Sénégal;https://sn.coinafrique.com/annonce/chaussures-enfants/chaussures-enfant-4566463
Chaussures enfant;5 000 CFA;Dieuppeul-Derklé, Dakar, Sénégal;https://sn.coinafrique.com/annonce/chaussures-enfants/chaussures-enfant-4566463
Chaussures enfant;7 500 CFA;Dieuppeul-Derklé, Dakar, Sénégal;https://sn.coinafrique.com/annonce/chaussures-enfants/chaussures-enfant-4566463
Chaussures enfant;8 500 CFA;Biscuiterie, Dakar, Sénégal;https://sn.coinafrique.com/annonce/chaussures-enfants/chaussures-enfants-3934730
Chaussures enfants;8 000 CFA;Dakar, Sénégal;https://sn.coinafrique.com/annonce/chaussures-enfants/chaussures-enfants-5698980
Chaussures enfants;8 000 CFA;Dakar, Sénégal;https://sn.coinafrique.com/annonce/chaussures-enfants/chaussures-enfants-5698980
Baskets Jordan;Prix sur demande;Dakar, Sénégal;https://sn.coinafrique.com/annonce/chaussures-enfants/baskets-jordan-enfants-4928088
Chaussures enfants;5 000 CFA;Dieuppeul-Derklé, Dakar, Sénégal;https://sn.coinafrique.com/annonce/chaussures-enfants/chaussures-enfant-4566463
Chaussures enfants;7 500 CFA;Dieuppeul-Derklé, Dakar, Sénégal;https://sn.coinafrique.com/annonce/chaussures-enfants/chaussures-enfant-4566463
Chaussures enfants;6 000 CFA;Dieuppeul-Derklé, Dakar, Sénégal;https://sn.coinafrique.com/annonce/chaussures-enfants/chaussures-enfant-4566463
Chaussures enfants;6 000 CFA;Dieuppeul-Derklé, Dakar, Sénégal;https://sn.coinafrique.com/annonce/chaussures-enfants/chaussures-enfant-4566463
Chaussures enfant;6 000 CFA;Dieuppeul-Derklé, Dakar, Sénégal;https://sn.coinafrique.com/annonce/chaussures-enfants/chaussures-enfant-4566463
Baskets Nike Air Max;Prix sur demande;Fass, Dakar, Sénégal;https://sn.coinafrique.com/annonce/chaussures-enfants/baskets-nike-air-max-2526613
Chaussures enfants;Prix sur demande;Fass, Dakar, Sénégal;https://sn.coinafrique.com/annonce/chaussures-enfants/chaussures-enfant-5284799
Chaussures fille;6 000 CFA;Dakar, Sénégal;https://sn.coinafrique.com/annonce/chaussures-enfants/chaussures-enfants-5416770
Chaussures fille;6 000 CFA;Dakar, Sénégal;
Chaussures garçons;6 000 CFA;Dakar, Sénégal;
Chaussures enfants;5 000 CFA;Parcelle Assainies, Dakar, Sénégal;
Chaussures enfant;3 000 CFA;Dieuppeul-Derklé, Dakar, Sénégal;https://sn.coinafrique.com/annonce/chaussures-enfants/chaussures-enfant-4566463
Chaussures enfant;3 000 CFA;Dakar Plateau, Dakar, Sénégal;https://sn.coinafrique.com/annonce/chaussures-enfants/chaussures-enfants-5698971
Chaussures enfant;3 000 CFA;Dakar Plateau, Dakar, Sénégal;https://sn.coinafrique.com/annonce/chaussures-enfants/chaussures-enfants-5698971
Chaussures enfants;10 000 CFA;Dakar, Sénégal;https://sn.coinafrique.com/annonce/chaussures-enfants/chaussures-enfants-5698980
Chaussures Enfants;3 000 CFA;Dieuppeul-Derklé, Dakar, Sénégal;https://sn.coinafrique.com/annonce/chaussures-enfants/chaussures-enfant-4566463
Chaussures enfants;Prix sur demande;Fass, Dakar, Sénégal;https://sn.coinafrique.com/annonce/chaussures-enfants/chaussures-enfant-5284799
Chaussures Enfant;Prix sur demande;Yoff, Dakar, Sénégal;https://sn.coinafrique.com/annonce/chaussures-enfants/chaussures-enfant-5542655
Sandales Adidas Yeezy;Prix sur demande;Dakar, Sénégal;https://sn.coinafrique.com/annonce/chaussures-enfants/sandales-adidas-yeezy-2717389
Chaussures enfant;2 500 CFA;Dieuppeul-Derklé, Dakar, Sénégal;https://sn.coinafrique.com/annonce/chaussures-enfants/chaussures-enfant-4566463
Chaussures pour enfants;8 000 CFA;Dakar, Sénégal;https://sn.coinafrique.com/annonce/chaussures-enfants/chaussures-enfants-5698980
Chaussures bébé;Prix sur demande;Mamelles, Dakar, Sénégal;https://sn.coinafrique.com/annonce/chaussures-enfants/chaussures-crops-bebe-3106484
Chaussures enfant;10 000 CFA;Patte d'oie, Dakar, Sénégal;https://sn.coinafrique.com/annonce/chaussures-enfants/chaussures-enfant-2749342
Chaussures enfant;2 500 CFA;Dieuppeul-Derklé, Dakar, Sénégal;https://sn.coinafrique.com/annonce/chaussures-enfants/chaussures-enfant-4566463
Chaussures Enfant;3 500 CFA;Parcelle Assainies, Dakar, Sénégal;https://sn.coinafrique.com/annonce/chaussures-enfants/baskets-enfant-5080430
Chaussures fille;10 000 CFA;Dakar, Sénégal;https://sn.coinafrique.com/annonce/chaussures-enfants/chaussures-enfants-5416770
Chaussures enfant;12 000 CFA;Hann Bel-Air, Dakar, Sénégal;https://sn.coinafrique.com/annonce/chaussures-enfants/chaussures-enfant-3336753
Chaussures enfants;Prix sur demande;Fass, Dakar, Sénégal;https://sn.coinafrique.com/annonce/chaussures-enfants/chaussures-enfant-5284799
Chaussures enfant;7 000 CFA;Dakar, Sénégal;https://sn.coinafrique.com/annonce/chaussures-enfants/chaussures-enfants-5698980
Chaussures enfant;7 000 CFA;Dakar, Sénégal;https://sn.coinafrique.com/annonce/chaussures-enfants/chaussures-enfants-5698980
Chaussures fille;15 000 CFA;Mermoz-Sacré Coeur, Dakar, Sénégal;
Chaussures enfant;15 000 CFA;Hann Bel-Air, Hann / Bel Air (Dakar), Sénégal;https://sn.coinafrique.com/annonce/chaussures-enfants/chaussures-enfant-2747212
Chaussures enfant;10 000 CFA;Patte d'oie, Dakar, Sénégal;
Chaussures enfant;15 000 CFA;Kolda, Sénégal;
Chaussures enfant;7 500 CFA;Hann Bel-Air, Dakar, Sénégal;
Chaussures d'été enfants;3 000 CFA;Hann Bel-Air, Dakar, Sénégal;
Chaussures de sport enfants;2 000 CFA;Hann Bel-Air, Dakar, Sénégal;https://sn.coinafrique.com/annonce/chaussures-enfants/chaussures-de-sport-enfants-2752149
Claquettes enfant;2 500 CFA;Dieuppeul-Derklé, Dakar, Sénégal;
Chaussures  enfants;10 000 CFA;Mermoz-Sacré Coeur, Dakar, Sénégal;https://sn.coinafrique.com/annonce/chaussures-enfants/chaussures-enfants-5294713
Chaussures enfants;15 000 CFA;Ziguinchor, Sénégal;https://sn.coinafrique.com/annonce/chaussures-enfants/chaussures-enfant-3047906
Baskets Adidas;22 500 CFA;Dakar, Sénégal;https://sn.coinafrique.com/annonce/chaussures-enfants/baskets-adidas-enfants-5578754
Claquettes enfants;6 000 CFA;Guediawaye, Dakar, Sénégal;https://sn.coinafrique.com/annonce/chaussures-enfants/claquettes-enfants-2795343
Chaussures garçons;3 000 CFA;Grand Dakar, Dakar, Sénégal;https://sn.coinafrique.com/annonce/chaussures-enfants/chaussures-garcons-2795704
Chaussures enfant;10 000 CFA;Yoff, Dakar, Sénégal;https://sn.coinafrique.com/annonce/chaussures-enfants/chaussures-enfant-5542655
Chaussures garçon;Prix sur demande;Dakar, Sénégal;https://sn.coinafrique.com/annonce/chaussures-enfants/chaussures-bebe-et-enfant-4783650
Chaussures bébé;3 000 CFA;HLM, Dakar, Sénégal;https://sn.coinafrique.com/annonce/chaussures-enfants/chaussures-bebe-et-enfant-4783650
Chaussures enfant;2 500 CFA;Dieuppeul-Derklé, Dakar, Sénégal;https://sn.coinafrique.com/annonce/chaussures-enfants/chaussures-enfant-4566463
Baskets Nike;15 000 CFA;Dakar Plateau, Dakar, Sénégal;https://sn.coinafrique.com/annonce/chaussures-enfants/baskets-nike-enfants-4930603
Chaussures friperie enfant;Prix sur demande;Colobane, Dakar, Sénégal;https://sn.coinafrique.com/annonce/chaussures-enfants/chaussures-enfants-3222222
Chaussures friperie - enfants;5 000 CFA;Colobane, Dakar, Sénégal;https://sn.coinafrique.com/annonce/chaussures-enfants/chaussures-enfants-3222222
Baskets Puma - Adidas;Prix sur demande;Fass, Dakar, Sénégal;https://sn.coinafrique.com/annonce/chaussures-enfants/baskets-puma-adidas-2818578
Chaussure enfants;Prix sur demande;Dakar, Sénégal;https://sn.coinafrique.com/annonce/chaussures-enfants/chaussures-enfants-5698980
Chaussures pour enfants;Prix sur demande;Colobane, Dakar, Sénégal;https://sn.coinafrique.com/annonce/chaussures-enfants/chaussures-enfants-4676405
Chaussures garçons;10 000 CFA;HLM, Dakar, Sénégal;https://sn.coinafrique.com/annonce/chaussures-enfants/chaussures-garcons-2831294
Baskets Nike pour enfants;10 000 CFA;Mermoz-Sacré Coeur, Dakar, Sénégal;https://sn.coinafrique.com/annonce/chaussures-enfants/baskets-nike-pour-enfants-2837971
Chaussures enfant;2 500 CFA;HLM, Dakar, Sénégal;https://sn.coinafrique.com/annonce/chaussures-enfants/chaussures-enfant-4173847
Chaussures enfants;Prix sur demande;Colobane, Dakar, Sénégal;https://sn.coinafrique.com/annonce/chaussures-enfants/chaussures-enfants-4676405
Chaussures enfant;Prix sur demande;Colobane, Dakar, Sénégal;https://sn.coinafrique.com/annonce/chaussures-enfants/chaussures-enfants-4676405
Chaussures enfant;25 000 CFA;Almadies, Dakar, Sénégal;https://sn.coinafrique.com/annonce/chaussures-enfants/chaussures-enfants-3102441
Chaussures enfant;25 000 CFA;Almadies, Dakar, Sénégal;https://sn.coinafrique.com/annonce/chaussures-enfants/chaussures-enfants-3102441
Chaussures enfants;30 000 CFA;Dakar, Sénégal;https://sn.coinafrique.com/annonce/chaussures-enfants/chaussures-enfants-5698980
Baskets fille;1 000 CFA;Dakar, Sénégal;https://sn.coinafrique.com/annonce/chaussures-enfants/baskets-enfant-3848408
Chaussures pour enfant;Prix sur demande;Colobane, Dakar, Sénégal;https://sn.coinafrique.com/annonce/chaussures-enfants/chaussures-enfants-4676405
Baskets Nike;Prix sur demande;Colobane, Dakar, Sénégal;https://sn.coinafrique.com/annonce/chaussures-enfants/baskets-nike-5568313
Chaussures Jordan 11;20 000 CFA;Dakar Plateau, Dakar, Sénégal;https://sn.coinafrique.com/annonce/chaussures-enfants/chaussures-jordan-11-2934921
Chaussures nourrissons;Prix sur demande;Dakar, Sénégal;https://sn.coinafrique.com/annonce/chaussures-enfants/chaussures-nourrissons-2942148
Chaussures  enfants;Prix sur demande;Colobane, Dakar, Sénégal;https://sn.coinafrique.com/annonce/chaussures-enfants/chaussures-enfants-4676405
Chaussures  enfants;Prix sur demande;Colobane, Dakar, Sénégal;https://sn.coinafrique.com/annonce/chaussures-enfants/chaussures-enfants-4676405
Bottes montantes enfants;Prix sur demande;Dakar, Sénégal;https://sn.coinafrique.com/annonce/chaussures-enfants/bottes-montantes-enfants-2942252
Chaussures enfants;3 000 CFA;Dakar, Sénégal;https://sn.coinafrique.com/annonce/chaussures-enfants/chaussures-enfants-5698980
Claquettes enfant;6 000 CFA;Dakar, Sénégal;https://sn.coinafrique.com/annonce/chaussures-enfants/claquettes-enfant-2972548
Chaussures enfant;6 000 CFA;Dakar, Sénégal;https://sn.coinafrique.com/annonce/chaussures-enfants/chaussures-enfants-5698980
Chaussure enfant;Prix sur demande;Dakar, Sénégal;https://sn.coinafrique.com/annonce/chaussures-enfants/chaussures-enfants-5698980
Mocassin enfants;8 000 CFA;Dakar, Sénégal;https://sn.coinafrique.com/annonce/chaussures-enfants/mocassins-enfant-3319920
Chaussures enfant;Prix sur demande;Dakar, Sénégal;https://sn.coinafrique.com/annonce/chaussures-enfants/chaussures-enfants-5698980
Chaussures enfant;8 500 CFA;Dakar, Sénégal;https://sn.coinafrique.com/annonce/chaussures-enfants/chaussures-enfants-5698980
Chaussures enfant;Prix sur demande;Dakar, Sénégal;https://sn.coinafrique.com/annonce/chaussures-enfants/chaussures-enfants-5698980
Chaussures enfant;Prix sur demande;Medina, Dakar, Sénégal;https://sn.coinafrique.com/annonce/chaussures-enfants/chaussures-enfant-4367839
Chaussures enfant;Prix sur demande;Dakar, Sénégal;https://sn.coinafrique.com/annonce/chaussures-enfants/chaussures-enfants-5698980
Chaussures enfant friperie;5 000 CFA;Colobane, Dakar, Sénégal;https://sn.coinafrique.com/annonce/chaussures-enfants/chaussures-enfants-3222222
Baskets Jordan enfants;Prix sur demande;Colobane, Dakar, Sénégal;https://sn.coinafrique.com/annonce/chaussures-enfants/baskets-jordan-enfant-3085703
Baskets Nike enfants;Prix sur demande;Colobane, Dakar, Sénégal;https://sn.coinafrique.com/annonce/chaussures-enfants/baskets-nike-5568313
Baskets enfants;Prix sur demande;Colobane, Dakar, Sénégal;https://sn.coinafrique.com/annonce/chaussures-enfants/baskets-nike-5568313
Baskets enfants;Prix sur demande;Dakar, Sénégal;https://sn.coinafrique.com/annonce/chaussures-enfants/baskets-adidas-enfants-5578754
Chaussures enfant;8 500 CFA;Dakar, Sénégal;https://sn.coinafrique.com/annonce/chaussures-enfants/chaussures-enfants-5698980
Chaussures enfants;Prix sur demande;Colobane, Dakar, Sénégal;https://sn.coinafrique.com/annonce/chaussures-enfants/chaussures-enfants-4676405
Chaussures enfants;Prix sur demande;Colobane, Dakar, Sénégal;https://sn.coinafrique.com/annonce/chaussures-enfants/chaussures-enfants-4676405
Chaussures bébé;5 000 CFA;HLM, Dakar, Sénégal;https://sn.coinafrique.com/annonce/chaussures-enfants/chaussures-bebe-et-enfant-4783650
Chaussures bébé;4 000 CFA;HLM, Dakar, Sénégal;https://sn.coinafrique.com/annonce/chaussures-enfants/chaussures-bebe-et-enfant-4783650
Ensemble enfant;12 000 CFA;HLM, Dakar, Sénégal;https://sn.coinafrique.com/annonce/chaussures-enfants/ensemble-enfant-3032235
Baskets Nike enfants;Prix sur demande;Colobane, Dakar, Sénégal;https://sn.coinafrique.com/annonce/chaussures-enfants/baskets-nike-5568313
Baskets Nike Air Force enfants;Prix sur demande;Colobane, Dakar, Sénégal;https://sn.coinafrique.com/annonce/chaussures-enfants/baskets-nike-air-force-enfants-3036156
Baskets Jordan enfants;Prix sur demande;Colobane, Dakar, Sénégal;https://sn.coinafrique.com/annonce/chaussures-enfants/baskets-jordan-enfant-3085703
Baskets Adidas Yeezy;10 000 CFA;Dakar, Sénégal;https://sn.coinafrique.com/annonce/chaussures-enfants/baskets-adidas-yeezy-3039797
Chaussures enfant;10 000 CFA;Dakar, Sénégal;https://sn.coinafrique.com/annonce/chaussures-enfants/chaussures-enfants-5698980
Mocassins enfant;10 000 CFA;Dakar, Sénégal;https://sn.coinafrique.com/annonce/chaussures-enfants/mocassins-enfant-3319920
Chaussures fillette;10 000 CFA;Dakar, Sénégal;https://sn.coinafrique.com/annonce/chaussures-enfants/chaussures-fillette-3039898
Chaussures enfants;10 000 CFA;Dakar, Sénégal;https://sn.coinafrique.com/annonce/chaussures-enfants/chaussures-enfants-5698980
Chaussures Enfants;10 000 CFA;Dakar, Sénégal;https://sn.coinafrique.com/annonce/chaussures-enfants/chaussures-enfants-5698980
Chaussures bébé;10 000 CFA;Dakar, Sénégal;https://sn.coinafrique.com/annonce/chaussures-enfants/chaussures-bebe-et-enfant-4783650
Chaussures enfant;10 000 CFA;Dakar, Sénégal;https://sn.coinafrique.com/annonce/chaussures-enfants/chaussures-enfants-5698980
Chaussures enfant;10 000 CFA;Ziguinchor, Sénégal;https://sn.coinafrique.com/annonce/chaussures-enfants/chaussures-enfant-3047906
Baskets Adidas Stan Smith pour bébé;8 000 CFA;Dakar, Sénégal;
Chaussures enfants;10 000 CFA;Dakar, Sénégal;https://sn.coinafrique.com/annonce/chaussures-enfants/chaussures-enfants-5698980
Chaussures enfants;Prix sur demande;Grand Dakar, Dakar, Sénégal;https://sn.coinafrique.com/annonce/chaussures-enfants/chaussures-enfants-5584411
Chaussures enfants;Prix sur demande;Grand Dakar, Dakar, Sénégal;https://sn.coinafrique.com/annonce/chaussures-enfants/chaussures-enfants-5584411
Chaussures enfant;5 000 CFA;Dakar, Sénégal;https://sn.coinafrique.com/annonce/chaussures-enfants/chaussures-enfants-5698980
Chaussures enfant;15 000 CFA;Dakar, Sénégal;https://sn.coinafrique.com/annonce/chaussures-enfants/chaussures-enfants-5698980
Chaussures enfants;10 000 CFA;Dakar, Sénégal;https://sn.coinafrique.com/annonce/chaussures-enfants/chaussures-enfants-5698980
Chaussures enfant;Prix sur demande;Grand Yoff, Dakar, Sénégal;https://sn.coinafrique.com/annonce/chaussures-enfants/chaussures-enfant-ogiy-4623157
Chaussures  fille;5 500 CFA;Colobane, Dakar, Sénégal;https://sn.coinafrique.com/annonce/chaussures-enfants/chaussures-filles-3085706
Baskets Jordan enfant;Prix sur demande;Colobane, Dakar, Sénégal;https://sn.coinafrique.com/annonce/chaussures-enfants/baskets-jordan-enfant-3085703
Chaussures filles;Prix sur demande;Colobane, Dakar, Sénégal;https://sn.coinafrique.com/annonce/chaussures-enfants/chaussures-filles-3085706
Chaussures enfant;Prix sur demande;Colobane, Dakar, Sénégal;https://sn.coinafrique.com/annonce/chaussures-enfants/chaussures-enfants-4676405
Chaussures petite fille;Prix sur demande;Dakar, Sénégal;https://sn.coinafrique.com/annonce/chaussures-enfants/chaussures-petite-fille-3088807
Chaussures enfant;Prix sur demande;Dakar, Sénégal;https://sn.coinafrique.com/annonce/chaussures-enfants/chaussures-enfants-5698980
Chaussures enfant;15 000 CFA;Biscuiterie, Dakar, Sénégal;https://sn.coinafrique.com/annonce/chaussures-enfants/chaussures-enfants-3934730
Chaussures à talon enfants;10 000 CFA;Dakar, Sénégal;
Chaussures fille;Prix sur demande;Grand Yoff, Dakar, Sénégal;https://sn.coinafrique.com/annonce/chaussures-enfants/chaussures-enfant-3247099
Chaussures enfant;50 000 CFA;Fann-Point E-Amitié, Dakar, Sénégal;https://sn.coinafrique.com/annonce/chaussures-enfants/chaussures-enfant-3100228
Chaussures enfants;10 000 CFA;Biscuiterie, Dakar, Sénégal;https://sn.coinafrique.com/annonce/chaussures-enfants/chaussures-enfants-3934730
Chaussures enfant;6 000 CFA;Rufisque, Sénégal;https://sn.coinafrique.com/annonce/chaussures-enfants/chaussures-orthopediques-enfants-3128593
Chaussures enfants;6 000 CFA;Almadies, Dakar, Sénégal;https://sn.coinafrique.com/annonce/chaussures-enfants/chaussures-enfants-3102441
Chaussures enfant;3 500 CFA;Parcelle Assainies, Dakar, Sénégal;https://sn.coinafrique.com/annonce/chaussures-enfants/baskets-enfant-5080430
Chaussures enfants;6 000 CFA;Almadies, Dakar, Sénégal;https://sn.coinafrique.com/annonce/chaussures-enfants/chaussures-enfants-3102441
Chaussures enfants;6 000 CFA;Almadies, Dakar, Sénégal;https://sn.coinafrique.com/annonce/chaussures-enfants/chaussures-enfants-3102441
Chaussures enfants;2 500 CFA;Dieuppeul-Derklé, Dakar, Sénégal;https://sn.coinafrique.com/annonce/chaussures-enfants/chaussures-enfant-4566463
Chaussures crops bébé;5 000 CFA;Mermoz-Sacré Coeur, Dakar, Sénégal;https://sn.coinafrique.com/annonce/chaussures-enfants/chaussures-crops-bebe-3106484
Chaussures enfant;8 500 CFA;Grand Dakar, Dakar, Sénégal;https://sn.coinafrique.com/annonce/chaussures-enfants/chaussures-enfants-5584411
Chaussures orthopédiques enfants;12 000 CFA;Rufisque, Sénégal;https://sn.coinafrique.com/annonce/chaussures-enfants/chaussures-orthopediques-enfants-3128593
Chaussures bébé;6 000 CFA;Parcelle Assainies, Dakar, Sénégal;https://sn.coinafrique.com/annonce/chaussures-enfants/chaussures-enfant-2085293
Chaussures enfant;5 000 CFA;Colobane, Dakar, Sénégal;https://sn.coinafrique.com/annonce/chaussures-enfants/chaussures-enfants-3222222
Chaussures enfant;5 000 CFA;Colobane, Dakar, Sénégal;https://sn.coinafrique.com/annonce/chaussures-enfants/chaussures-enfants-3222222
Chaussures bébé;6 000 CFA;Parcelle Assainies, Dakar, Sénégal;https://sn.coinafrique.com/annonce/chaussures-enfants/chaussures-enfant-2085293
Chaussures enfant;Prix sur demande;Colobane, Dakar, Sénégal;https://sn.coinafrique.com/annonce/chaussures-enfants/chaussures-enfants-4676405
Chaussures enfants;Prix sur demande;Colobane, Dakar, Sénégal;https://sn.coinafrique.com/annonce/chaussures-enfants/chaussures-enfants-4676405
Chaussures bébé;5 000 CFA;HLM, Dakar, Sénégal;https://sn.coinafrique.com/annonce/chaussures-enfants/chaussures-bebe-et-enfant-4783650
Chaussures enfants;Prix sur demande;Colobane, Dakar, Sénégal;https://sn.coinafrique.com/annonce/chaussures-enfants/chaussures-enfants-4676405
Baskets Air Jordan enfant;15 000 CFA;Point E, Dakar, Sénégal;https://sn.coinafrique.com/annonce/chaussures-enfants/baskets-air-jordan-enfant-3171528
Baskets enfant;Prix sur demande;Colobane, Dakar, Sénégal;https://sn.coinafrique.com/annonce/chaussures-enfants/baskets-nike-5568313
Chaussures à talon enfant;Prix sur demande;Dakar, Sénégal;
Chaussures enfants;Prix sur demande;Colobane, Dakar, Sénégal;https://sn.coinafrique.com/annonce/chaussures-enfants/chaussures-enfants-4676405
Chaussures enfant;Prix sur demande;Colobane, Dakar, Sénégal;https://sn.coinafrique.com/annonce/chaussures-enfants/chaussures-enfants-4676405
Chaussures enfant;10 000 CFA;Hann Bel-Air, Dakar, Sénégal;https://sn.coinafrique.com/annonce/chaussures-enfants/chaussures-enfants-3672156
Chaussures enfant;10 000 CFA;Hann Bel-Air, Dakar, Sénégal;https://sn.coinafrique.com/annonce/chaussures-enfants/chaussures-enfants-3672156
Chaussures enfant;10 000 CFA;Hann Bel-Air, Dakar, Sénégal;https://sn.coinafrique.com/annonce/chaussures-enfants/chaussures-enfants-3672156
Chaussures enfants;10 000 CFA;Hann Bel-Air, Dakar, Sénégal;https://sn.coinafrique.com/annonce/chaussures-enfants/chaussures-enfants-3672156
Chaussures enfants;Prix sur demande;Colobane, Dakar, Sénégal;https://sn.coinafrique.com/annonce/chaussures-enfants/chaussures-enfants-4676405
Chaussures enfant;Prix sur demande;Colobane, Dakar, Sénégal;https://sn.coinafrique.com/annonce/chaussures-enfants/chaussures-enfants-4676405
Chaussures enfant;Prix sur demande;Colobane, Dakar, Sénégal;https://sn.coinafrique.com/annonce/chaussures-enfants/chaussures-enfants-4676405
Chaussures enfants;Prix sur demande;Colobane, Dakar, Sénégal;https://sn.coinafrique.com/annonce/chaussures-enfants/chaussures-enfants-3222222
Chaussures  enfant;15 000 CFA;Dakar Plateau, Dakar, Sénégal;https://sn.coinafrique.com/annonce/chaussures-enfants/chaussures-enfants-5698971
Chaussures Enfants;10 000 CFA;Biscuiterie, Dakar, Sénégal;https://sn.coinafrique.com/annonce/chaussures-enfants/chaussures-enfants-3934730
Babouches enfant;7 000 CFA;Hann Bel-Air, Dakar, Sénégal;https://sn.coinafrique.com/annonce/chaussures-enfants/babouches-enfant-3231496
Chaussures enfant;15 000 CFA;Grand Yoff, Dakar, Sénégal;https://sn.coinafrique.com/annonce/chaussures-enfants/chaussures-enfant-ogiy-4623157
Chaussures  fille;12 500 CFA;Dakar, Sénégal;https://sn.coinafrique.com/annonce/chaussures-enfants/chaussures-enfants-5416770
Chaussures enfant;3 000 CFA;Mermoz-Sacré Coeur, Dakar, Sénégal;https://sn.coinafrique.com/annonce/chaussures-enfants/chaussures-enfants-5294713
Chaussures enfant;13 500 CFA;Dakar, Sénégal;https://sn.coinafrique.com/annonce/chaussures-enfants/chaussures-enfants-5698980
Chaussures enfants;13 500 CFA;Dakar, Sénégal;https://sn.coinafrique.com/annonce/chaussures-enfants/chaussures-enfants-5698980
Chaussures enfants;13 500 CFA;Dakar, Sénégal;https://sn.coinafrique.com/annonce/chaussures-enfants/chaussures-enfants-5698980
Chaussures enfants;2 500 CFA;Dakar, Sénégal;https://sn.coinafrique.com/annonce/chaussures-enfants/chaussures-enfants-5698980
Chaussures enfant;13 500 CFA;Dakar, Sénégal;https://sn.coinafrique.com/annonce/chaussures-enfants/chaussures-enfants-5698980
Baskets enfants;7 000 CFA;Colobane, Dakar, Sénégal;https://sn.coinafrique.com/annonce/chaussures-enfants/baskets-nike-5568313
Mocassins enfant;15 000 CFA;Dakar, Sénégal;https://sn.coinafrique.com/annonce/chaussures-enfants/mocassins-enfant-3319920
Baskets enfants;7 000 CFA;Colobane, Dakar, Sénégal;https://sn.coinafrique.com/annonce/chaussures-enfants/baskets-nike-5568313
Chaussures enfants;Prix sur demande;Dakar, Sénégal;https://sn.coinafrique.com/annonce/chaussures-enfants/chaussures-enfants-5698980
Chaussures enfant;5 000 CFA;Hann Bel-Air, Dakar, Sénégal;https://sn.coinafrique.com/annonce/chaussures-enfants/chaussures-enfant-3336753
Chaussures enfant;8 000 CFA;Dakar, Sénégal;https://sn.coinafrique.com/annonce/chaussures-enfants/chaussures-enfants-5698980
Mocassins enfant en daim;15 000 CFA;Dakar Plateau, Dakar, Sénégal;https://sn.coinafrique.com/annonce/chaussures-enfants/mocassins-enfant-en-daim-3354895
Chaussures enfant;6 000 CFA;Guediawaye, Dakar, Sénégal;https://sn.coinafrique.com/annonce/chaussures-enfants/chaussures-enfant-3513868
Chaussures enfants;12 000 CFA;Dakar, Sénégal;https://sn.coinafrique.com/annonce/chaussures-enfants/chaussures-enfants-5698980
Chaussures enfants;12 000 CFA;Dakar, Sénégal;https://sn.coinafrique.com/annonce/chaussures-enfants/chaussures-enfants-5698980
Chaussures enfant friperie;Prix sur demande;Colobane, Dakar, Sénégal;https://sn.coinafrique.com/annonce/chaussures-enfants/chaussures-enfant-4517970
Chaussures enfants friperie;Prix sur demande;Colobane, Dakar, Sénégal;https://sn.coinafrique.com/annonce/chaussures-enfants/chaussures-enfant-4517970
Chaussures orthopédiques enfants;6 500 CFA;Grand Yoff, Dakar, Sénégal;https://sn.coinafrique.com/annonce/chaussures-enfants/chaussures-orthopediques-enfant-3429468
Chaussures pour enfants;12 000 CFA;Dakar, Sénégal;https://sn.coinafrique.com/annonce/chaussures-enfants/chaussures-enfants-5698980
Baskets enfant;14 000 CFA;Guediawaye, Dakar, Sénégal;https://sn.coinafrique.com/annonce/chaussures-enfants/baskets-enfant-3398164
Chaussures enfant;Prix sur demande;Colobane, Dakar, Sénégal;https://sn.coinafrique.com/annonce/chaussures-enfants/chaussures-enfants-4676405
Chaussures enfant;Prix sur demande;Colobane, Dakar, Sénégal;https://sn.coinafrique.com/annonce/chaussures-enfants/chaussures-enfants-4676405
Sandales fillettes;1 500 CFA;Patte d'oie, Dakar, Sénégal;https://sn.coinafrique.com/annonce/chaussures-enfants/sandales-fillettes-3401227
Sandales fillettes;1 500 CFA;Patte d'oie, Dakar, Sénégal;https://sn.coinafrique.com/annonce/chaussures-enfants/sandales-fillettes-3401227
Chaussures enfants;2 000 CFA;Mbao, Dakar, Sénégal;https://sn.coinafrique.com/annonce/chaussures-enfants/chaussures-enfants-5545268
Sandales petites filles;2 000 CFA;Mbao, Dakar, Sénégal;https://sn.coinafrique.com/annonce/chaussures-enfants/sandales-petites-filles-3415129
Baskets Nike Jordan enfants;Prix sur demande;Mbao, Dakar, Sénégal;https://sn.coinafrique.com/annonce/chaussures-enfants/baskets-nike-jordan-enfants-3429274
Chaussures orthopédiques enfant;4 500 CFA;Grand Yoff, Dakar, Sénégal;https://sn.coinafrique.com/annonce/chaussures-enfants/chaussures-orthopediques-enfant-3429468
Chaussures enfant;7 000 CFA;Dakar Plateau, Dakar, Sénégal;https://sn.coinafrique.com/annonce/chaussures-enfants/chaussures-enfants-5698971
Chaussettes bébé;9 000 CFA;HLM, Dakar, Sénégal;https://sn.coinafrique.com/annonce/chaussures-enfants/ensemble-chaussures-et-chaussettes-pour-bebe-5037805
Chaussures  enfant;Prix sur demande;Colobane, Dakar, Sénégal;https://sn.coinafrique.com/annonce/chaussures-enfants/chaussures-enfants-4676405
Chaussures enfant;Prix sur demande;Colobane, Dakar, Sénégal;https://sn.coinafrique.com/annonce/chaussures-enfants/chaussures-enfants-4676405
Chaussures enfants;Prix sur demande;Colobane, Dakar, Sénégal;https://sn.coinafrique.com/annonce/chaussures-enfants/chaussures-enfants-4676405
Ballerines enfant;10 000 CFA;Ouest Foire, Dakar, Sénégal;https://sn.coinafrique.com/annonce/chaussures-enfants/ballerines-enfant-3468451
Chaussures enfant;Prix sur demande;Colobane, Dakar, Sénégal;https://sn.coinafrique.com/annonce/chaussures-enfants/chaussures-enfants-4676405
Sandales pour enfants;1 000 CFA;Patte d'oie, Dakar, Sénégal;https://sn.coinafrique.com/annonce/chaussures-enfants/sandales-pour-enfants-3481315
Souliers enfants;15 000 CFA;Dieuppeul-Derklé, Dakar, Sénégal;https://sn.coinafrique.com/annonce/chaussures-enfants/souliers-enfants-3486610
Chaussures  en cuir;12 000 CFA;Grand Yoff, Dakar, Sénégal;https://sn.coinafrique.com/annonce/chaussures-enfants/chaussures-en-cuir-3495410
Baskets enfants Nike;Prix sur demande;Colobane, Dakar, Sénégal;https://sn.coinafrique.com/annonce/chaussures-enfants/baskets-nike-5568313
Baskets Nike enfant;15 000 CFA;Biscuiterie, Dakar, Sénégal;https://sn.coinafrique.com/annonce/chaussures-enfants/baskets-nike-enfant-3496189
Chaussures enfant;10 000 CFA;Guediawaye, Dakar, Sénégal;https://sn.coinafrique.com/annonce/chaussures-enfants/chaussures-enfant-3513868
Baskets friperie Nike enfants;Prix sur demande;Colobane, Dakar, Sénégal;https://sn.coinafrique.com/annonce/chaussures-enfants/baskets-friperie-nike-enfants-3526935
Chaussures enfant friperie;Prix sur demande;Colobane, Dakar, Sénégal;https://sn.coinafrique.com/annonce/chaussures-enfants/chaussures-enfant-4517970
Chaussures friperie enfants;Prix sur demande;Colobane, Dakar, Sénégal;https://sn.coinafrique.com/annonce/chaussures-enfants/chaussures-enfant-4517970
Chaussures enfant friperie;Prix sur demande;Colobane, Dakar, Sénégal;https://sn.coinafrique.com/annonce/chaussures-enfants/chaussures-enfant-4517970
Chaussures enfant friperie;Prix sur demande;Colobane, Dakar, Sénégal;https://sn.coinafrique.com/annonce/chaussures-enfants/chaussures-enfant-4517970
Pantoufles;4 000 CFA;Cambérène, Dakar, Sénégal;https://sn.coinafrique.com/annonce/chaussures-enfants/pantoufles-enfant-3533457
Pantoufles enfant;4 000 CFA;Cambérène, Dakar, Sénégal;https://sn.coinafrique.com/annonce/chaussures-enfants/pantoufles-enfant-3533457
Chaussures enfants;11 000 CFA;Colobane, Dakar, Sénégal;https://sn.coinafrique.com/annonce/chaussures-enfants/chaussures-enfants-4676405
Chaussures fille;2 000 CFA;Mermoz-Sacré Coeur, Dakar, Sénégal;https://sn.coinafrique.com/annonce/chaussures-enfants/chaussures-fille-3543253
Chaussures enfants friperie;Prix sur demande;Colobane, Dakar, Sénégal;https://sn.coinafrique.com/annonce/chaussures-enfants/chaussures-enfant-4517970
Chaussures enfant friperie;Prix sur demande;Colobane, Dakar, Sénégal;https://sn.coinafrique.com/annonce/chaussures-enfants/chaussures-enfant-4517970
Chaussures enfant friperie;Prix sur demande;Colobane, Dakar, Sénégal;https://sn.coinafrique.com/annonce/chaussures-enfants/chaussures-enfant-4517970
Chaussures enfants;5 000 CFA;Medina, Dakar, Sénégal;https://sn.coinafrique.com/annonce/chaussures-enfants/chaussures-enfant-4367839
Baskets Air Force One;Prix sur demande;Colobane, Dakar, Sénégal;https://sn.coinafrique.com/annonce/chaussures-enfants/baskets-air-force-one-3599487
Ballerines enfant;7 000 CFA;Grand Yoff, Dakar, Sénégal;https://sn.coinafrique.com/annonce/chaussures-enfants/ballerines-enfant-3617411
Chaussures enfants;7 000 CFA;Grand Yoff, Dakar, Sénégal;https://sn.coinafrique.com/annonce/chaussures-enfants/chaussures-enfant-ogiy-4623157
Chaussures enfant;3 500 CFA;Thies, Sénégal;https://sn.coinafrique.com/annonce/chaussures-enfants/chaussures-enfant-3641983
Chaussures enfant;Prix sur demande;Colobane, Dakar, Sénégal;https://sn.coinafrique.com/annonce/chaussures-enfants/chaussures-enfants-4676405
Chaussures enfant;Prix sur demande;Colobane, Dakar, Sénégal;https://sn.coinafrique.com/annonce/chaussures-enfants/chaussures-enfants-4676405
Chaussures enfant;Prix sur demande;Colobane, Dakar, Sénégal;https://sn.coinafrique.com/annonce/chaussures-enfants/chaussures-enfants-4676405
Chaussures enfants;10 000 CFA;Parcelle Assainies, Dakar, Sénégal;https://sn.coinafrique.com/annonce/chaussures-enfants/baskets-enfant-5080430
Chaussures enfants;10 000 CFA;Parcelle Assainies, Dakar, Sénégal;https://sn.coinafrique.com/annonce/chaussures-enfants/baskets-enfant-5080430
Chaussures enfants;10 000 CFA;Parcelle Assainies, Dakar, Sénégal;https://sn.coinafrique.com/annonce/chaussures-enfants/baskets-enfant-5080430
Chaussures enfants;7 000 CFA;Dakar, Sénégal;https://sn.coinafrique.com/annonce/chaussures-enfants/chaussures-enfants-5698980
Baskets enfant;15 000 CFA;Biscuiterie, Dakar, Sénégal;https://sn.coinafrique.com/annonce/chaussures-enfants/baskets-enfant-3958985
Chaussures enfants;13 000 CFA;Dakar, Sénégal;https://sn.coinafrique.com/annonce/chaussures-enfants/chaussures-enfants-5698980
Chaussures enfants;10 000 CFA;Hann Bel-Air, Dakar, Sénégal;https://sn.coinafrique.com/annonce/chaussures-enfants/chaussures-enfants-3672156
Chaussures bébé;1 500 CFA;HLM, Dakar, Sénégal;https://sn.coinafrique.com/annonce/chaussures-enfants/chaussures-bebe-et-enfant-4783650
Claquettes enfant;1 250 CFA;Colobane, Dakar, Sénégal;https://sn.coinafrique.com/annonce/chaussures-enfants/claquettes-enfant-3768510
Chaussures enfant;12 500 CFA;Dakar, Sénégal;https://sn.coinafrique.com/annonce/chaussures-enfants/chaussures-enfants-5698980
Chaussures enfants;7 000 CFA;Sicap Liberté, Dakar, Sénégal;https://sn.coinafrique.com/annonce/chaussures-enfants/chaussures-enfants-3777593
Chaussures enfants;7 000 CFA;Sicap Liberté, Dakar, Sénégal;https://sn.coinafrique.com/annonce/chaussures-enfants/chaussures-enfants-3777593
Sandales africaines enfants;1 500 CFA;Cambérène, Dakar, Sénégal;https://sn.coinafrique.com/annonce/chaussures-enfants/sandales-africaines-enfants-3778619
Chaussures enfants;10 000 CFA;Biscuiterie, Dakar, Sénégal;https://sn.coinafrique.com/annonce/chaussures-enfants/chaussures-enfants-3934730
Chaussures enfants;5 000 CFA;Dakar, Sénégal;https://sn.coinafrique.com/annonce/chaussures-enfants/chaussures-enfants-5698980
Baskets enfant;12 000 CFA;Dakar, Sénégal;https://sn.coinafrique.com/annonce/chaussures-enfants/baskets-adidas-enfants-5578754
Chaussures enfants;Prix sur demande;Colobane, Dakar, Sénégal;https://sn.coinafrique.com/annonce/chaussures-enfants/chaussures-enfants-4676405
Chaussures fille;2 500 CFA;Dakar Plateau, Dakar, Sénégal;https://sn.coinafrique.com/annonce/chaussures-enfants/chaussures-filles-4781990
Chaussures fille;3 000 CFA;Dakar Plateau, Dakar, Sénégal;https://sn.coinafrique.com/annonce/chaussures-enfants/chaussures-filles-4781990
Chaussures filles;6 000 CFA;Ouakam, Dakar, Sénégal;https://sn.coinafrique.com/annonce/chaussures-enfants/chaussures-enfant-7-paires-4336733
Chaussures enfants;15 000 CFA;Biscuiterie, Dakar, Sénégal;https://sn.coinafrique.com/annonce/chaussures-enfants/chaussures-enfants-3934730
Chaussures enfants;Prix sur demande;Yoff, Dakar, Sénégal;https://sn.coinafrique.com/annonce/chaussures-enfants/chaussures-enfant-5542655
Chaussures crocs;3 000 CFA;Dakar, Sénégal;https://sn.coinafrique.com/annonce/chaussures-enfants/chaussures-crocs-3874877
Chaussures crocs;3 000 CFA;Dakar, Sénégal;https://sn.coinafrique.com/annonce/chaussures-enfants/chaussures-crocs-3874877
Chaussures enfants friperie;Prix sur demande;Colobane, Dakar, Sénégal;https://sn.coinafrique.com/annonce/chaussures-enfants/chaussures-enfant-4517970
Chaussures enfants;Prix sur demande;Colobane, Dakar, Sénégal;https://sn.coinafrique.com/annonce/chaussures-enfants/chaussures-enfants-4676405
Chaussures enfants;Prix sur demande;Colobane, Dakar, Sénégal;https://sn.coinafrique.com/annonce/chaussures-enfants/chaussures-enfants-4676405
Chaussure enfants;15 000 CFA;Dakar, Sénégal;https://sn.coinafrique.com/annonce/chaussures-enfants/chaussures-enfants-5698980
Chaussures enfants;20 000 CFA;Biscuiterie, Dakar, Sénégal;https://sn.coinafrique.com/annonce/chaussures-enfants/chaussures-enfants-3934730
Baskets enfant;20 000 CFA;Biscuiterie, Dakar, Sénégal;https://sn.coinafrique.com/annonce/chaussures-enfants/baskets-enfant-3958985
Baskets enfant friperie;Prix sur demande;Colobane, Dakar, Sénégal;https://sn.coinafrique.com/annonce/chaussures-enfants/baskets-enfant-friperie-4000080
Chaussures enfant friperie;7 000 CFA;Colobane, Dakar, Sénégal;https://sn.coinafrique.com/annonce/chaussures-enfants/chaussures-enfant-4517970
Chaussures enfants;15 000 CFA;Colobane, Dakar, Sénégal;https://sn.coinafrique.com/annonce/chaussures-enfants/chaussures-enfants-4676405
Chaussures enfants;20 000 CFA;Colobane, Dakar, Sénégal;https://sn.coinafrique.com/annonce/chaussures-enfants/chaussures-enfants-4676405
Chaussures enfant;Prix sur demande;Colobane, Dakar, Sénégal;https://sn.coinafrique.com/annonce/chaussures-enfants/chaussures-enfants-4676405
Chaussures crocs;6 000 CFA;HLM, Dakar, Sénégal;https://sn.coinafrique.com/annonce/chaussures-enfants/chaussures-crocs-4038403
Chaussures enfants;20 000 CFA;Colobane, Dakar, Sénégal;https://sn.coinafrique.com/annonce/chaussures-enfants/chaussures-enfants-4676405
Chaussure Jordan enfant;7 500 CFA;Parcelle Assainies, Dakar, Sénégal;https://sn.coinafrique.com/annonce/chaussures-enfants/chaussure-jordan-enfant-4040246
Chaussures  enfant;Prix sur demande;Colobane, Dakar, Sénégal;
Chaussures enfant;8 000 CFA;Dakar Plateau, Dakar, Sénégal;
Pantoufles;7 000 CFA;Grand Yoff, Dakar, Sénégal;
Chaussures enfant;10 000 CFA;Dakar Plateau, Dakar, Sénégal;
Chaussures enfant;5 500 CFA;Yoff, Dakar, Sénégal;
Chaussures enfant;5 500 CFA;Yoff, Dakar, Sénégal;
Chaussures enfant;5 500 CFA;Yoff, Dakar, Sénégal;
Chaussures enfant;13 000 CFA;Dakar Plateau, Dakar, Sénégal;
Baskets enfant;20 000 CFA;Grand Dakar, Dakar, Sénégal;https://sn.coinafrique.com/annonce/chaussures-enfants/baskets-enfant-jordan-4201412
Chaussures enfants;12 000 CFA;Guediawaye, Dakar, Sénégal;https://sn.coinafrique.com/annonce/chaussures-enfants/chaussures-enfants-4111498
Chaussures  enfant;2 000 CFA;Ouakam, Dakar, Sénégal;https://sn.coinafrique.com/annonce/chaussures-enfants/chaussures-enfants-5327025
Chaussures enfant;2 000 CFA;Ouakam, Dakar, Sénégal;https://sn.coinafrique.com/annonce/chaussures-enfants/chaussures-enfants-5327025
Chaussures enfant;2 000 CFA;Ouakam, Dakar, Sénégal;https://sn.coinafrique.com/annonce/chaussures-enfants/chaussures-enfants-5327025
Crampons pour enfant;12 000 CFA;Diamniadio, Sénégal;https://sn.coinafrique.com/annonce/chaussures-enfants/crampons-pour-enfant-4101596
Chaussures enfants friperie;Prix sur demande;Colobane, Dakar, Sénégal;https://sn.coinafrique.com/annonce/chaussures-enfants/chaussures-enfant-4517970
Chaussures  enfant;Prix sur demande;Colobane, Dakar, Sénégal;https://sn.coinafrique.com/annonce/chaussures-enfants/chaussures-enfants-4676405
Chaussures enfant;8 000 CFA;Dakar Plateau, Dakar, Sénégal;https://sn.coinafrique.com/annonce/chaussures-enfants/chaussures-enfants-5698971
Ballerines  enfant;7 500 CFA;Sicap foire, Dakar, Sénégal;https://sn.coinafrique.com/annonce/chaussures-enfants/ballerines-enfant-4175703
Chaussures enfants;8 000 CFA;Dakar Plateau, Dakar, Sénégal;https://sn.coinafrique.com/annonce/chaussures-enfants/chaussures-enfants-5698971
Chaussures bébé;2 000 CFA;HLM, Dakar, Sénégal;https://sn.coinafrique.com/annonce/chaussures-enfants/chaussures-bebe-et-enfant-4783650
Chaussures enfants;Prix sur demande;HLM, Dakar, Sénégal;https://sn.coinafrique.com/annonce/chaussures-enfants/chaussures-enfant-4173847
Chaussures enfants;Prix sur demande;HLM, Dakar, Sénégal;https://sn.coinafrique.com/annonce/chaussures-enfants/chaussures-enfant-4173847
Chaussures enfants;Prix sur demande;HLM, Dakar, Sénégal;https://sn.coinafrique.com/annonce/chaussures-enfants/chaussures-enfant-4173847
Chaussures enfants;Prix sur demande;HLM, Dakar, Sénégal;https://sn.coinafrique.com/annonce/chaussures-enfants/chaussures-enfant-4173847
Chaussures enfants;Prix sur demande;HLM, Dakar, Sénégal;https://sn.coinafrique.com/annonce/chaussures-enfants/chaussures-enfant-4173847
Baskets enfant  Jordan;20 000 CFA;Grand Dakar, Dakar, Sénégal;https://sn.coinafrique.com/annonce/chaussures-enfants/baskets-enfant-jordan-4201412
Chaussures enfants;Prix sur demande;HLM, Dakar, Sénégal;https://sn.coinafrique.com/annonce/chaussures-enfants/chaussures-enfant-4173847
Chaussures enfant;Prix sur demande;HLM, Dakar, Sénégal;https://sn.coinafrique.com/annonce/chaussures-enfants/chaussures-enfant-4173847
Chaussures enfant;5 000 CFA;Mermoz-Sacré Coeur, Dakar, Sénégal;https://sn.coinafrique.com/annonce/chaussures-enfants/chaussures-enfants-5294713
Chaussures enfant;Prix sur demande;Dakar Plateau, Dakar, Sénégal;https://sn.coinafrique.com/annonce/chaussures-enfants/chaussures-enfants-5698971
Chaussures enfant;18 000 CFA;Grand Dakar, Dakar, Sénégal;https://sn.coinafrique.com/annonce/chaussures-enfants/chaussures-enfants-5584411
Chaussures enfant - 7 paires;15 000 CFA;Ouakam, Dakar, Sénégal;https://sn.coinafrique.com/annonce/chaussures-enfants/chaussures-enfant-7-paires-4336733
Chaussures enfant;6 000 CFA;Parcelle Assainies, Dakar, Sénégal;
Chaussures enfant;20 000 CFA;Grand Dakar, Dakar, Sénégal;https://sn.coinafrique.com/annonce/chaussures-enfants/chaussures-enfants-5584411
Chaussures enfant;28 000 CFA;Medina, Dakar, Sénégal;https://sn.coinafrique.com/annonce/chaussures-enfants/chaussures-enfant-4367839
Chaussures enfant;6 000 CFA;Diamalaye 1, Dakar, Sénégal;https://sn.coinafrique.com/annonce/chaussures-enfants/chaussures-enfant-4392112
Chaussures enfant;15 000 CFA;Grand Dakar, Dakar, Sénégal;
Chaussures enfant;9 000 CFA;Dakar, Sénégal;
Chaussures Skateboard;11 000 CFA;Dakar, Sénégal;
Chaussures enfants;8 000 CFA;Dakar Plateau, Dakar, Sénégal;https://sn.coinafrique.com/annonce/chaussures-enfants/chaussures-enfants-5698971
Chaussures enfant;Prix sur demande;Dakar Plateau, Dakar, Sénégal;https://sn.coinafrique.com/annonce/chaussures-enfants/chaussures-enfants-5698971
Chaussures enfant;8 000 CFA;Dakar Plateau, Dakar, Sénégal;https://sn.coinafrique.com/annonce/chaussures-enfants/chaussures-enfants-5698971
Chaussures enfant;13 000 CFA;Dakar, Sénégal;https://sn.coinafrique.com/annonce/chaussures-enfants/chaussures-enfants-5698980
Chaussures enfants;8 500 CFA;Dakar Plateau, Dakar, Sénégal;https://sn.coinafrique.com/annonce/chaussures-enfants/chaussures-enfants-5698971
Chaussures enfant;5 000 CFA;Ouest Foire, Dakar, Sénégal;https://sn.coinafrique.com/annonce/chaussures-enfants/chaussures-enfants-5606532
Sandales enfant;2 500 CFA;Dakar, Sénégal;https://sn.coinafrique.com/annonce/chaussures-enfants/sandales-enfant-4427622
Chaussures enfant;20 000 CFA;Grand Dakar, Dakar, Sénégal;https://sn.coinafrique.com/annonce/chaussures-enfants/chaussures-enfants-5584411
Chaussures enfants;Prix sur demande;Dakar Plateau, Dakar, Sénégal;https://sn.coinafrique.com/annonce/chaussures-enfants/chaussures-enfants-5698971
Baskets  Jordan;20 000 CFA;Colobane, Dakar, Sénégal;https://sn.coinafrique.com/annonce/chaussures-enfants/baskets-jordan-4402939
Chaussures enfant;3 000 CFA;Dakar Plateau, Dakar, Sénégal;https://sn.coinafrique.com/annonce/chaussures-enfants/chaussures-enfants-5698971
Chaussures enfant;20 000 CFA;Dakar Plateau, Dakar, Sénégal;https://sn.coinafrique.com/annonce/chaussures-enfants/chaussures-enfants-5698971
Chaussures enfant;6 000 CFA;Dakar Plateau, Dakar, Sénégal;https://sn.coinafrique.com/annonce/chaussures-enfants/chaussures-enfants-5698971
Chaussures enfant;9 000 CFA;Dieuppeul-Derklé, Dakar, Sénégal;https://sn.coinafrique.com/annonce/chaussures-enfants/chaussures-enfant-4566463
Chaussures enfants;4 000 CFA;Colobane, Dakar, Sénégal;https://sn.coinafrique.com/annonce/chaussures-enfants/chaussures-enfants-4676405
Chaussures enfants;3 000 CFA;Colobane, Dakar, Sénégal;https://sn.coinafrique.com/annonce/chaussures-enfants/chaussures-enfants-4676405
Chaussures enfant;Prix sur demande;Colobane, Dakar, Sénégal;https://sn.coinafrique.com/annonce/chaussures-enfants/chaussures-enfants-4676405
Chaussures pour enfant;9 000 CFA;Yoff, Dakar, Sénégal;https://sn.coinafrique.com/annonce/chaussures-enfants/chaussures-enfant-5542655
Chaussures enfant;Prix sur demande;Colobane, Dakar, Sénégal;https://sn.coinafrique.com/annonce/chaussures-enfants/chaussures-enfants-4676405
Chaussures enfant;6 500 CFA;Dakar Plateau, Dakar, Sénégal;https://sn.coinafrique.com/annonce/chaussures-enfants/chaussures-enfants-5698971
Chaussures pour enfants;8 000 CFA;Dakar Plateau, Dakar, Sénégal;https://sn.coinafrique.com/annonce/chaussures-enfants/chaussures-enfants-5698971
Chaussures enfant;13 000 CFA;Dakar Plateau, Dakar, Sénégal;https://sn.coinafrique.com/annonce/chaussures-enfants/chaussures-enfants-5698971
Chaussures enfant;6 000 CFA;Dieuppeul-Derklé, Dakar, Sénégal;https://sn.coinafrique.com/annonce/chaussures-enfants/chaussures-enfant-4566463
Chaussures enfants;6 500 CFA;Sipres, Dakar, Sénégal;https://sn.coinafrique.com/annonce/chaussures-enfants/chaussures-enfants-4608262
Chaussures enfants;6 500 CFA;Sipres, Dakar, Sénégal;https://sn.coinafrique.com/annonce/chaussures-enfants/chaussures-enfants-4608262
Chaussures enfant Ogiy;17 000 CFA;Grand Yoff, Dakar, Sénégal;https://sn.coinafrique.com/annonce/chaussures-enfants/chaussures-enfant-ogiy-4623157
Pantoufle enfants;2 500 CFA;Mbao, Dakar, Sénégal;https://sn.coinafrique.com/annonce/chaussures-enfants/pantoufle-enfants-4626680
Pantoufles  enfants;2 500 CFA;Grand Yoff, Dakar, Sénégal;https://sn.coinafrique.com/annonce/chaussures-enfants/pantoufles-enfants-4632466
Chaussures pour enfant;Prix sur demande;Yoff, Dakar, Sénégal;https://sn.coinafrique.com/annonce/chaussures-enfants/chaussures-enfant-5542655
Chaussures enfants;15 000 CFA;Colobane, Dakar, Sénégal;https://sn.coinafrique.com/annonce/chaussures-enfants/chaussures-enfants-4676405
Chaussures enfants;2 500 CFA;Mermoz-Sacré Coeur, Dakar, Sénégal;
Chaussures bébés Air Force;10 000 CFA;Dakar Plateau, Dakar, Sénégal;
Chaussures pour enfants;2 500 CFA;Pikine, Sénégal;https://sn.coinafrique.com/annonce/chaussures-enfants/chaussures-pour-enfants-4775765
Chaussures enfants;8 000 CFA;Dakar, Sénégal;
Chaussures enfants;15 000 CFA;Dakar Plateau, Dakar, Sénégal;https://sn.coinafrique.com/annonce/chaussures-enfants/chaussures-enfants-5698971
Chaussures filles;25 000 CFA;Dakar Plateau, Dakar, Sénégal;https://sn.coinafrique.com/annonce/chaussures-enfants/chaussures-filles-4781990
Chaussures bébé et enfant;Prix sur demande;Dakar, Sénégal;
Chaussures enfants;3 000 CFA;Keur Massar, Sénégal;
Baskets enfant;8 000 CFA;Rufisque, Sénégal;https://sn.coinafrique.com/annonce/chaussures-enfants/baskets-nike-react-4921241
Baskets Nike React;9 000 CFA;Rufisque, Sénégal;https://sn.coinafrique.com/annonce/chaussures-enfants/baskets-nike-react-4921241
Baskets Jordan 6;11 000 CFA;Rufisque, Sénégal;https://sn.coinafrique.com/annonce/chaussures-enfants/baskets-jordan-6-4921251
Baskets  Jordan enfants;16 000 CFA;Dakar, Sénégal;https://sn.coinafrique.com/annonce/chaussures-enfants/baskets-jordan-enfants-4928088
Chaussures enfant;17 000 CFA;Dakar, Sénégal;https://sn.coinafrique.com/annonce/chaussures-enfants/chaussures-enfants-5698980
Baskets Jordan enfants;15 000 CFA;Dakar Plateau, Dakar, Sénégal;https://sn.coinafrique.com/annonce/chaussures-enfants/baskets-nike-enfants-4930603
Baskets Nike enfants;15 000 CFA;Dakar Plateau, Dakar, Sénégal;https://sn.coinafrique.com/annonce/chaussures-enfants/baskets-nike-enfants-4930603
Chaussures enfants;13 000 CFA;Dakar Plateau, Dakar, Sénégal;https://sn.coinafrique.com/annonce/chaussures-enfants/chaussures-enfants-5698971
Chaussures enfant;4 000 CFA;Dakar, Sénégal;https://sn.coinafrique.com/annonce/chaussures-enfants/chaussures-enfants-5698980
jordans enfants;20 000 CFA;Dakar Plateau, Dakar, Sénégal;https://sn.coinafrique.com/annonce/chaussures-enfants/chaussures-jordan-enfants-5551856
Jordan enfants;20 000 CFA;Dakar, Sénégal;https://sn.coinafrique.com/annonce/chaussures-enfants/chaussures-enfants-5698980
Baskets Nike Air Max;6 000 CFA;Yoff, Dakar, Sénégal;https://sn.coinafrique.com/annonce/chaussures-enfants/baskets-nike-air-max-4979173
Ballerines enfants;Prix sur demande;Dakar, Sénégal;https://sn.coinafrique.com/annonce/chaussures-enfants/ballerines-enfants-5141832
Ensemble chaussures et chaussettes pour bebe;1 800 CFA;Dakar Plateau, Dakar, Sénégal;https://sn.coinafrique.com/annonce/chaussures-enfants/ensemble-chaussures-et-chaussettes-pour-bebe-5037805
Claquettes;8 450 CFA;Fass, Dakar, Sénégal;https://sn.coinafrique.com/annonce/chaussures-enfants/claquettes-5047806
Basket;5 000 CFA;Parcelle Assainies, Dakar, Sénégal;https://sn.coinafrique.com/annonce/chaussures-enfants/baskets-enfant-5080430
Baskets enfant;3 500 CFA;Parcelle Assainies, Dakar, Sénégal;https://sn.coinafrique.com/annonce/chaussures-enfants/baskets-enfant-5080430
Chaussures enfants;2 000 CFA;Dakar Plateau, Dakar, Sénégal;https://sn.coinafrique.com/annonce/chaussures-enfants/chaussures-enfants-5698971
Ballerines enfants;12 000 CFA;Dakar, Sénégal;https://sn.coinafrique.com/annonce/chaussures-enfants/ballerines-enfants-5141832
Baskets Nike Jordan;20 000 CFA;Mbao, Dakar, Sénégal;https://sn.coinafrique.com/annonce/chaussures-enfants/baskets-nike-jordan-5210436
Chaussures enfant;10 000 CFA;Fass, Dakar, Sénégal;https://sn.coinafrique.com/annonce/chaussures-enfants/chaussures-enfant-5284799
Chaussures enfant;7 000 CFA;Fass, Dakar, Sénégal;https://sn.coinafrique.com/annonce/chaussures-enfants/chaussures-enfant-5284799
Chaussures enfant;8 500 CFA;Fass, Dakar, Sénégal;https://sn.coinafrique.com/annonce/chaussures-enfants/chaussures-enfant-5284799
Chaussures enfants;15 000 CFA;Dakar Plateau, Dakar, Sénégal;https://sn.coinafrique.com/annonce/chaussures-enfants/chaussures-enfants-5698971
Chaussures enfants;20 000 CFA;Dakar, Sénégal;https://sn.coinafrique.com/annonce/chaussures-enfants/chaussures-enfants-5698980
Chaussures enfants;2 000 CFA;Dakar, Sénégal;https://sn.coinafrique.com/annonce/chaussures-enfants/chaussures-enfants-5698980
Chaussures pour enfants;15 000 CFA;Dakar Plateau, Dakar, Sénégal;https://sn.coinafrique.com/annonce/chaussures-enfants/chaussures-enfants-5698971
Chaussures enfant;18 000 CFA;Fass, Dakar, Sénégal;https://sn.coinafrique.com/annonce/chaussures-enfants/chaussures-enfant-5284799
Chaussures enfant;18 000 CFA;Fass, Dakar, Sénégal;https://sn.coinafrique.com/annonce/chaussures-enfants/chaussures-enfant-5284799
Chaussures enfants;3 500 CFA;Mermoz-Sacré Coeur, Dakar, Sénégal;https://sn.coinafrique.com/annonce/chaussures-enfants/chaussures-enfants-5294713
Chaussures enfants;3 500 CFA;Mermoz-Sacré Coeur, Dakar, Sénégal;https://sn.coinafrique.com/annonce/chaussures-enfants/chaussures-enfants-5294713
Chaussures enfants;15 000 CFA;Dakar Plateau, Dakar, Sénégal;https://sn.coinafrique.com/annonce/chaussures-enfants/chaussures-enfants-5698971
Chaussures enfants;Prix sur demande;Ouakam, Dakar, Sénégal;https://sn.coinafrique.com/annonce/chaussures-enfants/chaussures-enfants-5327025
Chaussures enfants;8 000 CFA;Dakar Plateau, Dakar, Sénégal;https://sn.coinafrique.com/annonce/chaussures-enfants/chaussures-enfants-5698971
Chaussures enfants;7 000 CFA;Dakar, Sénégal;https://sn.coinafrique.com/annonce/chaussures-enfants/chaussures-enfants-5698980
Chaussures enfants;7 000 CFA;Dakar, Sénégal;https://sn.coinafrique.com/annonce/chaussures-enfants/chaussures-enfants-5698980
Bottes de pluie pour fille de 3 ans;15 000 CFA;Parcelle Assainies, Dakar, Sénégal;https://sn.coinafrique.com/annonce/chaussures-enfants/bottes-de-pluie-pour-fille-de-3-ans-5491455
Chaussures enfants;Prix sur demande;Dakar, Sénégal;https://sn.coinafrique.com/annonce/chaussures-enfants/chaussures-enfants-5698980
Chaussures enfants;Prix sur demande;Dakar Plateau, Dakar, Sénégal;https://sn.coinafrique.com/annonce/chaussures-enfants/chaussures-enfants-5698971
Chaussures enfants;Prix sur demande;Dakar, Sénégal;https://sn.coinafrique.com/annonce/chaussures-enfants/chaussures-enfants-5698980
Chaussures enfants et bébés;20 000 CFA;Dakar, Sénégal;https://sn.coinafrique.com/annonce/chaussures-enfants/chaussures-bebe-et-enfant-4783650
Chaussures pour enfants;15 000 CFA;Dakar Plateau, Dakar, Sénégal;https://sn.coinafrique.com/annonce/chaussures-enfants/chaussures-enfants-5698971
Chaussures enfants;15 000 CFA;Dakar Plateau, Dakar, Sénégal;https://sn.coinafrique.com/annonce/chaussures-enfants/chaussures-enfants-5698971
Chaussures enfants;18 000 CFA;Dakar, Sénégal;https://sn.coinafrique.com/annonce/chaussures-enfants/chaussures-enfants-5698980
Chaussures enfants;Prix sur demande;Yoff, Dakar, Sénégal;https://sn.coinafrique.com/annonce/chaussures-enfants/chaussures-enfant-5542655
Chaussures enfant;Prix sur demande;Yoff, Dakar, Sénégal;https://sn.coinafrique.com/annonce/chaussures-enfants/chaussures-enfant-5542655
Chaussures enfants;5 000 CFA;Mbao, Dakar, Sénégal;https://sn.coinafrique.com/annonce/chaussures-enfants/chaussures-enfants-5545268
Chaussures Jordan enfants;20 000 CFA;Dakar, Sénégal;https://sn.coinafrique.com/annonce/chaussures-enfants/chaussures-enfants-5698980
Chaussures Jordan enfants;20 000 CFA;Dakar Plateau, Dakar, Sénégal;https://sn.coinafrique.com/annonce/chaussures-enfants/chaussures-jordan-enfants-5551856
Baskets Nike TN pour enfants;20 000 CFA;Dakar, Sénégal;https://sn.coinafrique.com/annonce/chaussures-enfants/baskets-nike-tn-pour-enfants-5553767
Chaussures enfant;2 000 CFA;Dakar Plateau, Dakar, Sénégal;https://sn.coinafrique.com/annonce/chaussures-enfants/chaussures-enfants-5698971
Chaussures enfants;18 000 CFA;Dakar, Sénégal;https://sn.coinafrique.com/annonce/chaussures-enfants/chaussures-enfants-5698980
Baskets Nike;14 000 CFA;Colobane, Dakar, Sénégal;https://sn.coinafrique.com/annonce/chaussures-enfants/baskets-nike-5568313
Baskets Adidas enfants;15 000 CFA;Dakar, Sénégal;https://sn.coinafrique.com/annonce/chaussures-enfants/baskets-adidas-enfants-5578754
Chaussures enfants;5 000 CFA;Grand Dakar, Dakar, Sénégal;https://sn.coinafrique.com/annonce/chaussures-enfants/chaussures-enfants-5584411
Chaussures enfants;5 000 CFA;Ouest Foire, Dakar, Sénégal;https://sn.coinafrique.com/annonce/chaussures-enfants/chaussures-enfants-5606532
Chaussures enfants;15 000 CFA;Dakar, Sénégal;https://sn.coinafrique.com/annonce/chaussures-enfants/chaussures-enfants-5698980
Chaussures enfants;15 000 CFA;Dakar Plateau, Dakar, Sénégal;https://sn.coinafrique.com/annonce/chaussures-enfants/chaussures-enfants-5698971
Chaussures enfants;20 000 CFA;Dakar Plateau, Dakar, Sénégal;https://sn.coinafrique.com/annonce/chaussures-enfants/chaussures-enfants-5698971
Chaussures enfants;20 000 CFA;Dakar, Sénégal;https://sn.coinafrique.com/annonce/chaussures-enfants/chaussures-enfants-5698980
